Date,High,Low,Open,Close,Volume,Adj Close
14/04/2010,18000,16000,18000.0,16900,305000,11500
15/04/2010,17000,16100,16900.0,16100,427640,11000
16/04/2010,16900,15500,15500.0,16100,168900,11000
19/04/2010,16900,16200,16500.0,16900,364550,11500
20/04/2010,17700,17700,17700.0,17700,105410,12100
21/04/2010,18500,18500,18500.0,18500,35170,12600
22/04/2010,19400,19400,19400.0,19400,192530,13200
26/04/2010,20300,20300,20300.0,20300,257210,13900
27/04/2010,20900,19300,20000.0,20500,688920,14000
28/04/2010,21000,20400,20500.0,21500,273850,14700
29/04/2010,22500,22500,22500.0,22500,28750,15400
04/05/2010,23600,23600,23600.0,23600,25110,16100
05/05/2010,24700,24700,24700.0,24700,444570,16900
06/05/2010,25900,25900,25900.0,25900,25330,17700
07/05/2010,25400,24700,24800.0,24700,498530,16900
10/05/2010,23500,23500,23500.0,23500,113770,16000
11/05/2010,22600,22400,22400.0,22400,216110,15300
12/05/2010,21300,21300,21300.0,21300,9390,14500
13/05/2010,21300,20300,21300.0,20300,102910,13900
14/05/2010,21000,19300,19300.0,21000,387590,14300
17/05/2010,22000,21000,22000.0,21700,275470,14800
18/05/2010,21700,20700,21700.0,21500,85150,14700
19/05/2010,20800,20500,20500.0,20500,163250,14000
20/05/2010,19500,19500,19500.0,19500,97440,13300
21/05/2010,18600,18600,18600.0,18600,2730,12700
24/05/2010,17900,17700,17800.0,17900,99720,12200
25/05/2010,18600,17300,17900.0,18600,139910,12700
26/05/2010,19500,19000,19200.0,19500,77160,13300
27/05/2010,20000,19000,20000.0,19500,23940,13300
28/05/2010,20400,20000,20300.0,20400,202360,13900
31/05/2010,20900,20000,20900.0,20000,114620,13700
01/06/2010,20400,19000,20000.0,20400,23590,13900
02/06/2010,21400,19500,20300.0,21400,123670,14600
03/06/2010,22000,21000,22000.0,21400,76270,14600
04/06/2010,21600,21000,21400.0,21400,235830,14600
07/06/2010,22400,21400,21400.0,21500,189000,14700
08/06/2010,21700,21000,21000.0,21300,35560,14500
09/06/2010,21900,21000,21900.0,21000,53100,14300
10/06/2010,21500,20800,21100.0,21500,61950,14700
11/06/2010,22500,22400,22500.0,22500,314020,15400
14/06/2010,23600,23600,23600.0,23600,26560,16100
15/06/2010,24700,24500,24700.0,24700,269310,16900
16/06/2010,25900,25000,25500.0,25900,117080,17700
17/06/2010,27000,24700,25900.0,25900,210300,17700
18/06/2010,26700,24700,25200.0,26000,111110,17700
21/06/2010,27300,26000,26000.0,27300,152210,18600
22/06/2010,28600,27000,28400.0,27000,122540,18400
23/06/2010,28000,25800,25800.0,27000,87670,18400
24/06/2010,28300,28300,28300.0,28300,240700,19300
25/06/2010,29700,28000,28300.0,28000,180580,19100
28/06/2010,29200,28500,29200.0,29000,124300,19800
29/06/2010,30000,28000,30000.0,28000,117480,19100
30/06/2010,28000,26700,27000.0,27000,131730,18400
01/07/2010,28000,26000,27000.0,26000,150730,17700
02/07/2010,27300,26000,26000.0,27300,45600,18600
05/07/2010,28500,27000,28500.0,27000,96880,18400
06/07/2010,27400,25700,27400.0,25800,76100,17600
07/07/2010,26700,24700,26700.0,24800,73930,16900
08/07/2010,25000,23600,25000.0,23800,39370,16200
09/07/2010,24900,23800,23800.0,24900,152770,17000
12/07/2010,26100,26100,26100.0,26100,9790,17800
13/07/2010,27400,27400,27400.0,27400,53170,18700
14/07/2010,28700,28600,28700.0,28700,774000,19600
15/07/2010,30100,29500,29500.0,30100,312350,20500
16/07/2010,31600,30500,31600.0,31600,178220,21600
19/07/2010,33100,32600,32700.0,33100,127730,22600
20/07/2010,34500,32500,34500.0,34000,167740,23200
21/07/2010,35700,33000,33000.0,35000,158300,23900
22/07/2010,35000,33400,33400.0,33400,135380,22800
23/07/2010,35000,33400,34000.0,35000,177470,23900
26/07/2010,36700,35200,36600.0,35300,51090,24100
27/07/2010,36300,33600,36300.0,33600,23230,22900
28/07/2010,33600,32000,32000.0,32000,60570,21800
29/07/2010,33300,33200,33300.0,33200,5140,22700
30/07/2010,33200,32000,33000.0,32900,69340,22500
02/08/2010,34000,32100,34000.0,32100,15750,21900
03/08/2010,33200,32000,32100.0,32900,50480,22500
04/08/2010,31500,31300,31500.0,31300,58600,21400
05/08/2010,32000,29800,32000.0,29800,79650,20300
06/08/2010,31200,28600,28600.0,31200,300220,21300
09/08/2010,32300,29700,32000.0,29700,32200,20300
10/08/2010,28300,28300,28300.0,28300,13510,19300
11/08/2010,29000,26900,26900.0,29000,83210,19800
12/08/2010,27600,27600,27600.0,27600,1700,18800
13/08/2010,26300,26300,26300.0,26300,72480,18000
16/08/2010,27600,26000,26300.0,27600,164710,18800
17/08/2010,27600,26300,27600.0,26400,30650,18000
18/08/2010,27000,25100,25100.0,25100,17550,17100
19/08/2010,23900,23900,23900.0,23900,121380,16300
20/08/2010,23800,22800,22800.0,22800,147500,15600
23/08/2010,23400,21800,23400.0,22800,127440,15600
24/08/2010,21700,21700,21700.0,21700,27430,14800
25/08/2010,20700,20700,20700.0,20700,17080,14100
26/08/2010,19700,19700,19700.0,19700,15020,13400
27/08/2010,18800,18800,18800.0,18800,153350,12800
30/08/2010,19700,19700,19700.0,19700,319510,13400
31/08/2010,20600,18800,20000.0,20600,207270,14100
01/09/2010,21600,19900,21400.0,21600,206420,14700
06/09/2010,22600,22000,22000.0,22600,114510,15400
07/09/2010,23700,21500,22600.0,23700,373570,16200
08/09/2010,24800,22700,22800.0,24800,240520,16900
09/09/2010,26000,24800,25000.0,25000,146700,17100
10/09/2010,25600,23800,24200.0,23800,217840,16200
13/09/2010,23000,22700,22700.0,22700,96690,15500
14/09/2010,23000,21700,21900.0,22300,119640,15200
15/09/2010,22000,21200,21400.0,21200,126160,14500
16/09/2010,21400,20200,21400.0,21000,99200,14300
17/09/2010,22000,21800,22000.0,22000,104370,15000
20/09/2010,23100,23100,23100.0,23100,43950,15800
21/09/2010,24200,23200,23900.0,24200,195730,16500
22/09/2010,25000,23100,23100.0,24200,134960,16500
23/09/2010,24000,23000,23500.0,23000,255200,15700
24/09/2010,24100,23000,23800.0,23800,110030,16200
27/09/2010,24300,23200,24300.0,23400,60920,16000
28/09/2010,24200,23400,24200.0,23900,83630,16300
29/09/2010,23400,22800,23000.0,22800,109570,15600
30/09/2010,22100,21700,21900.0,22000,163700,15000
01/10/2010,22100,20900,22000.0,20900,55640,14300
04/10/2010,21900,19900,20100.0,19900,102140,13600
05/10/2010,19500,19000,19000.0,19400,174640,13200
06/10/2010,20300,19300,20000.0,20300,111260,13900
07/10/2010,21200,20200,20800.0,20200,87700,13800
08/10/2010,20400,19300,19300.0,19600,71570,13400
11/10/2010,19700,19200,19400.0,19200,49930,13100
12/10/2010,19500,18400,19200.0,19000,82720,13000
13/10/2010,19300,18400,19000.0,18700,71140,12800
14/10/2010,19200,17800,18400.0,17800,38680,12200
15/10/2010,18200,17100,17100.0,17700,26830,12100
18/10/2010,18200,17500,17600.0,17500,39440,11900
19/10/2010,17300,16700,17300.0,16700,88650,11400
20/10/2010,16000,15900,15900.0,15900,82960,10900
21/10/2010,16400,15200,16400.0,15200,68960,10400
22/10/2010,15000,14500,14800.0,14500,63520,9900
25/10/2010,15200,13800,14000.0,15200,34410,10400
26/10/2010,15900,15800,15800.0,15900,74740,10900
27/10/2010,16600,15500,16600.0,15500,67720,10600
28/10/2010,15600,14900,14900.0,14900,26670,10200
29/10/2010,15400,14700,15000.0,15400,43920,10500
01/11/2010,15000,14700,14900.0,14700,26860,10000
02/11/2010,14800,14000,14000.0,14200,36550,9700
03/11/2010,14700,13600,14700.0,13600,28670,9300
04/11/2010,14200,13700,14000.0,14200,39290,9700
05/11/2010,14800,14300,14800.0,14400,27780,9800
08/11/2010,14400,13900,13900.0,14000,16850,9600
09/11/2010,13500,13300,13400.0,13300,61890,9100
10/11/2010,13600,12700,13600.0,12800,53450,8700
11/11/2010,13000,12200,13000.0,12200,55840,8300
12/11/2010,11700,11600,11600.0,11600,43440,7900
15/11/2010,11400,11100,11300.0,11100,51390,7600
16/11/2010,10700,10600,10600.0,10600,76590,7200
17/11/2010,10600,10100,10100.0,10100,87610,6900
18/11/2010,10600,10300,10600.0,10600,78100,7200
19/11/2010,10900,10200,10900.0,10400,32920,7100
22/11/2010,10200,9900,9900.0,9900,63500,6800
23/11/2010,10300,9800,9800.0,10300,80670,7000
24/11/2010,10800,10000,10300.0,10800,87010,7400
25/11/2010,11300,10800,10800.0,11300,134300,7700
26/11/2010,11800,11000,11300.0,11800,213510,8100
29/11/2010,12300,11400,12100.0,12100,88230,8300
30/11/2010,12700,12600,12700.0,12700,121750,8700
01/12/2010,13000,12300,12700.0,12500,83120,8500
02/12/2010,13100,12200,12500.0,13100,192970,8900
03/12/2010,13700,13700,13700.0,13700,3740,9400
06/12/2010,14300,14300,14300.0,14300,13010,9800
07/12/2010,15000,14900,15000.0,15000,330340,10200
08/12/2010,15700,14300,15000.0,14300,435550,9800
09/12/2010,15000,14400,15000.0,15000,160500,10200
10/12/2010,15700,15600,15700.0,15700,42490,10700
13/12/2010,16400,16400,16400.0,16400,11220,11200
14/12/2010,17200,15800,16800.0,16600,373580,11300
15/12/2010,17300,16000,16900.0,16000,73970,10900
16/12/2010,16000,15200,15200.0,15200,126100,10400
17/12/2010,15900,15200,15700.0,15900,120500,10900
20/12/2010,16300,15200,16300.0,15200,109640,10400
21/12/2010,15500,14500,15500.0,15000,72880,10200
22/12/2010,15200,14300,15000.0,14300,91660,9800
23/12/2010,14700,13800,14300.0,14000,68580,9600
24/12/2010,14600,13900,14300.0,14300,35680,9800
27/12/2010,14500,14200,14500.0,14300,17650,9800
28/12/2010,15000,14500,14500.0,15000,69900,10200
29/12/2010,15400,14500,15000.0,14500,42300,9900
30/12/2010,15000,14400,14500.0,14400,43630,9800
31/12/2010,14800,14000,14500.0,14100,33100,9600
04/01/2011,14500,13900,13900.0,14000,38990,9600
05/01/2011,14400,13800,14400.0,13800,38340,9400
06/01/2011,14000,13400,13800.0,13900,43750,9500
07/01/2011,14500,13900,14000.0,14500,91660,9900
10/01/2011,14600,13900,14100.0,13900,64740,9500
11/01/2011,14100,13400,14100.0,13400,24540,9100
12/01/2011,13800,13400,13800.0,13400,38320,9100
13/01/2011,14000,13700,13700.0,14000,55490,9600
14/01/2011,14500,13800,14400.0,14100,25390,9600
17/01/2011,14800,13900,13900.0,14800,133130,10100
18/01/2011,15000,14300,14800.0,14300,17340,9800
19/01/2011,14500,13700,14500.0,13700,65990,9400
20/01/2011,14200,13400,13400.0,13700,50520,9400
21/01/2011,14000,13400,14000.0,13500,62930,9200
24/01/2011,13800,12900,13800.0,12900,94880,8800
25/01/2011,13100,12600,13100.0,13000,6700,8900
26/01/2011,13600,13000,13000.0,13500,11350,9200
27/01/2011,13600,13000,13200.0,13000,27400,8900
28/01/2011,13400,12800,13400.0,12800,55480,8700
08/02/2011,12800,12500,12800.0,12500,10000,8500
09/02/2011,12500,11900,12500.0,12500,41710,8500
10/02/2011,12600,12200,12500.0,12200,30900,8300
11/02/2011,12500,12100,12500.0,12400,8600,8500
14/02/2011,12800,12300,12400.0,12300,21970,8400
15/02/2011,12300,12000,12000.0,12300,6770,8400
16/02/2011,12300,11800,12300.0,11800,51120,8100
17/02/2011,11900,11300,11800.0,11300,24260,7700
18/02/2011,11500,11000,11300.0,11000,30750,7500
21/02/2011,10700,10500,10600.0,10500,26100,7200
22/02/2011,10200,10000,10000.0,10000,101230,6800
23/02/2011,10500,10000,10400.0,10100,19030,6900
24/02/2011,10100,9600,10100.0,10100,40050,6900
25/02/2011,10300,9800,10300.0,10300,18290,7000
28/02/2011,10400,9900,10300.0,10000,29390,6800
01/03/2011,10200,9700,10200.0,10000,16570,6800
02/03/2011,10100,9500,10100.0,9500,27880,6500
03/03/2011,9400,9100,9300.0,9100,20280,6200
04/03/2011,9400,8800,9400.0,8800,10990,6000
07/03/2011,9000,8700,8800.0,9000,14020,6100
08/03/2011,9200,8700,9200.0,8700,14160,5900
09/03/2011,8900,8300,8900.0,8400,19930,5700
10/03/2011,8800,8600,8800.0,8800,10500,6000
11/03/2011,9200,9200,9200.0,9200,22850,6300
14/03/2011,9300,8800,9300.0,8800,27630,6000
15/03/2011,9100,8500,8800.0,8500,19350,5800
16/03/2011,8900,8500,8900.0,8900,25870,6100
17/03/2011,9300,9200,9300.0,9300,37470,6300
18/03/2011,9700,9500,9700.0,9700,40000,6600
21/03/2011,10100,9800,10100.0,10100,48950,6900
22/03/2011,10400,9700,10400.0,10300,26110,7000
23/03/2011,10400,9800,10300.0,10100,33300,6900
24/03/2011,10400,9700,9700.0,10000,6430,6800
25/03/2011,10200,9500,9600.0,9600,21470,6600
28/03/2011,10000,9600,9600.0,9600,23040,6600
29/03/2011,9900,9200,9900.0,9200,16400,6300
30/03/2011,9600,8800,8800.0,9100,73960,6200
31/03/2011,9300,8900,9300.0,9000,24710,6100
01/04/2011,9200,8600,9200.0,8600,25930,5900
04/04/2011,8900,8300,8400.0,8600,27440,5900
05/04/2011,8800,8300,8400.0,8400,13680,5700
06/04/2011,8800,8400,8400.0,8800,47460,6000
07/04/2011,9000,8500,9000.0,8500,14320,5800
08/04/2011,8600,8400,8600.0,8500,10610,5800
13/04/2011,8600,8400,8400.0,8500,15530,5800
14/04/2011,8700,8300,8700.0,8500,31920,5800
15/04/2011,8500,8200,8300.0,8400,4290,5700
18/04/2011,8400,8000,8400.0,8000,1019,5500
19/04/2011,8200,7600,8000.0,7600,23860,5200
20/04/2011,7700,7400,7600.0,7500,19100,5100
21/04/2011,7500,7200,7500.0,7200,83370,4900
22/04/2011,7500,7200,7200.0,7200,11100,4900
25/04/2011,7500,7400,7400.0,7500,52080,5100
26/04/2011,7600,7200,7200.0,7200,24820,4900
27/04/2011,7400,6900,7300.0,7000,5220,4800
28/04/2011,7000,6700,6800.0,6900,62920,4700
29/04/2011,7100,6700,7100.0,6800,48130,4600
04/05/2011,6900,6600,6900.0,6800,24460,4600
05/05/2011,6500,6500,6500.0,6500,14670,4400
06/05/2011,6200,6200,6200.0,6200,13230,4200
09/05/2011,6200,5900,6000.0,5900,85810,4000
10/05/2011,6000,5700,5700.0,5900,45550,4000
11/05/2011,5900,5700,5900.0,5700,15000,3900
12/05/2011,5800,5500,5800.0,5500,37760,3800
13/05/2011,5500,5300,5700.0,5300,66370,3600
16/05/2011,5500,5100,5400.0,5100,70290,3500
17/05/2011,5200,4900,5100.0,4900,39760,3300
18/05/2011,4900,4700,4800.0,4900,71220,3300
19/05/2011,5000,4700,5000.0,4800,11700,3300
20/05/2011,4900,4600,4700.0,4700,62600,3200
23/05/2011,4800,4500,4800.0,4500,4770,3100
24/05/2011,4300,4300,4300.0,4300,610,2900
25/05/2011,4100,4100,4100.0,4100,90,2800
26/05/2011,4100,3900,3900.0,3900,104580,2700
27/05/2011,4000,3800,3900.0,4000,97170,2700
30/05/2011,4000,3800,4000.0,3800,19780,2600
31/05/2011,3800,3700,3800.0,3700,320,2500
01/06/2011,3800,3600,3600.0,3800,87660,2600
02/06/2011,3900,3800,3800.0,3900,64910,2700
03/06/2011,4000,3800,4000.0,3800,20530,2600
06/06/2011,3700,3700,3700.0,3700,44540,2500
07/06/2011,3800,3700,3700.0,3800,42800,2600
08/06/2011,3900,3800,3800.0,3900,90880,2700
09/06/2011,4000,4000,4000.0,4000,16310,2700
10/06/2011,4200,4200,4200.0,4200,5710,2900
13/06/2011,4400,4400,4400.0,4400,22440,3000
14/06/2011,4600,4500,4600.0,4600,131720,3100
15/06/2011,4800,4500,4600.0,4700,247040,3200
16/06/2011,4900,4700,4800.0,4900,54550,3300
17/06/2011,5100,5000,5100.0,5100,82940,3500
20/06/2011,5200,4900,5200.0,4900,14290,3300
21/06/2011,4900,4700,4700.0,4700,72360,3200
22/06/2011,4900,4500,4700.0,4900,55490,3300
23/06/2011,4800,4700,4800.0,4700,9720,3200
24/06/2011,4700,4500,4500.0,4500,16330,3100
27/06/2011,4700,4300,4600.0,4600,28930,3100
28/06/2011,4600,4400,4500.0,4400,19800,3000
29/06/2011,4600,4200,4600.0,4400,7060,3000
30/06/2011,4600,4200,4600.0,4400,14530,3000
01/07/2011,4500,4200,4500.0,4300,32580,2900
04/07/2011,4400,4100,4100.0,4100,13790,2800
05/07/2011,4300,4300,4300.0,4300,14630,2900
06/07/2011,4500,4100,4500.0,4100,2380,2800
07/07/2011,4300,4100,4300.0,4100,7940,2800
08/07/2011,4200,3900,3900.0,4000,7710,2700
11/07/2011,4100,3800,3900.0,3900,51190,2700
12/07/2011,4000,3800,4000.0,3900,2640,2700
13/07/2011,4000,3800,4000.0,3800,87150,2600
14/07/2011,3900,3700,3800.0,3900,10200,2700
15/07/2011,4000,3800,4000.0,3800,33390,2600
18/07/2011,3900,3700,3900.0,3800,1391,2600
19/07/2011,3800,3700,3700.0,3700,11790,2500
20/07/2011,3800,3700,3700.0,3800,920,2600
21/07/2011,3900,3700,3900.0,3900,11230,2700
22/07/2011,3900,3800,3900.0,3800,15120,2600
25/07/2011,3800,3700,3700.0,3700,85310,2500
26/07/2011,3700,3600,3600.0,3600,55600,2500
27/07/2011,3700,3500,3500.0,3700,33180,2500
28/07/2011,3800,3600,3600.0,3800,16010,2600
29/07/2011,3800,3700,3700.0,3700,30610,2500
01/08/2011,3800,3600,3800.0,3600,15690,2500
02/08/2011,3600,3500,3600.0,3600,13080,2500
03/08/2011,3600,3500,3500.0,3500,51740,2400
04/08/2011,3600,3500,3500.0,3600,18370,2500
05/08/2011,3700,3700,3700.0,3700,13100,2500
08/08/2011,3800,3600,3600.0,3700,7850,2500
09/08/2011,3700,3600,3600.0,3600,6050,2500
10/08/2011,3700,3500,3600.0,3600,14760,2500
11/08/2011,3700,3500,3500.0,3700,30890,2500
12/08/2011,3700,3600,3700.0,3700,3290,2500
15/08/2011,3700,3700,3700.0,3700,10,2500
16/08/2011,3700,3600,3700.0,3600,5100,2500
17/08/2011,3700,3600,3600.0,3700,54320,2500
18/08/2011,3800,3800,3800.0,3800,4170,2600
19/08/2011,3900,3800,3900.0,3800,2040,2600
22/08/2011,3800,3700,3700.0,3700,120810,2500
23/08/2011,3800,3600,3800.0,3800,48060,2600
24/08/2011,3900,3700,3900.0,3700,13250,2500
25/08/2011,3800,3600,3800.0,3600,32310,2500
26/08/2011,3700,3500,3500.0,3600,38990,2500
29/08/2011,3700,3500,3600.0,3600,36880,2500
30/08/2011,3700,3600,3700.0,3600,59860,2500
31/08/2011,3700,3600,3700.0,3700,35840,2500
01/09/2011,3800,3800,3800.0,3800,4630,2600
05/09/2011,3900,3700,3900.0,3900,50880,2700
06/09/2011,3900,3800,3900.0,3800,14130,2600
07/09/2011,3900,3800,3900.0,3900,63370,2700
08/09/2011,4000,4000,4000.0,4000,119010,2700
09/09/2011,4200,3900,4100.0,4200,41220,2900
12/09/2011,4400,4100,4100.0,4400,76820,3000
13/09/2011,4600,4500,4600.0,4600,71430,3100
14/09/2011,4800,4500,4800.0,4500,50660,3100
15/09/2011,4400,4300,4300.0,4300,103580,2900
16/09/2011,4200,4100,4200.0,4100,50900,2800
19/09/2011,4200,3900,3900.0,4000,41280,2700
20/09/2011,4000,3800,4000.0,3800,27360,2600
21/09/2011,3900,3700,3900.0,3700,45050,2500
22/09/2011,3800,3600,3700.0,3800,47390,2600
23/09/2011,3900,3800,3800.0,3900,91030,2700
26/09/2011,3900,3800,3900.0,3900,58810,2700
27/09/2011,4000,3900,3900.0,3900,30730,2700
28/09/2011,4000,3900,4000.0,3900,71430,2700
29/09/2011,4000,3800,3900.0,4000,36670,2700
30/09/2011,4100,3800,4100.0,3800,26820,2600
03/10/2011,3900,3700,3700.0,3700,14710,2500
04/10/2011,3800,3600,3600.0,3800,16610,2600
05/10/2011,3900,3700,3800.0,3700,6200,2500
06/10/2011,3800,3600,3800.0,3700,5540,2500
07/10/2011,3800,3700,3800.0,3700,9220,2500
10/10/2011,3800,3700,3700.0,3700,2760,2500
11/10/2011,3800,3600,3800.0,3600,5070,2500
12/10/2011,3700,3500,3700.0,3600,27600,2500
13/10/2011,3700,3500,3500.0,3500,32050,2400
14/10/2011,3600,3400,3600.0,3500,19570,2400
17/10/2011,3500,3400,3500.0,3400,10460,2300
18/10/2011,3300,3300,3300.0,3300,2990,2300
19/10/2011,3400,3200,3400.0,3400,980,2300
20/10/2011,3400,3300,3300.0,3300,3810,2300
21/10/2011,3300,3200,3300.0,3200,3630,2200
24/10/2011,3300,3100,3100.0,3300,90,2300
25/10/2011,3200,3200,3200.0,3200,5720,2200
26/10/2011,3200,3100,3200.0,3100,1510,2100
27/10/2011,3200,3000,3200.0,3000,8420,2000
28/10/2011,3100,3000,3000.0,3100,32630,2100
31/10/2011,3200,3100,3100.0,3200,4750,2200
01/11/2011,3100,3100,3100.0,3100,1160,2100
02/11/2011,3000,3000,3000.0,3000,5460,2000
03/11/2011,2900,2900,2900.0,2900,4900,2000
04/11/2011,2900,2800,2800.0,2800,26570,1900
07/11/2011,2800,2700,2800.0,2800,10210,1900
08/11/2011,2700,2700,2700.0,2700,5360,1800
09/11/2011,2700,2600,2600.0,2700,4010,1800
10/11/2011,2700,2600,2700.0,2600,1290,1800
11/11/2011,2500,2500,2500.0,2500,2630,1700
14/11/2011,2400,2400,2400.0,2400,5610,1600
15/11/2011,2500,2300,2500.0,2400,58090,1600
16/11/2011,2400,2400,2400.0,2400,21220,1600
17/11/2011,2400,2300,2400.0,2300,2060,1600
18/11/2011,2300,2200,2200.0,2200,32330,1500
21/11/2011,2200,2100,2200.0,2200,11320,1500
22/11/2011,2100,2100,2100.0,2100,1190,1400
23/11/2011,2200,2000,2000.0,2000,40790,1400
24/11/2011,2000,1900,2000.0,1900,17840,1300
25/11/2011,1900,1800,1900.0,1800,43050,1200
28/11/2011,1900,1900,1900.0,1900,2510,1300
29/11/2011,2000,1900,1900.0,2000,2060,1400
30/11/2011,2100,2000,2000.0,2100,12460,1400
01/12/2011,2200,2200,2200.0,2200,2860,1500
02/12/2011,2200,2100,2200.0,2100,8550,1400
05/12/2011,2200,2000,2000.0,2200,23170,1500
06/12/2011,2300,2100,2100.0,2300,7170,1600
07/12/2011,2300,2200,2200.0,2200,9030,1500
08/12/2011,2100,2100,2100.0,2100,3770,1400
09/12/2011,2100,2000,2000.0,2100,5580,1400
12/12/2011,2100,2000,2100.0,2000,3570,1400
13/12/2011,2000,1900,1900.0,1900,12860,1300
14/12/2011,1900,1800,1900.0,1800,8770,1200
15/12/2011,1800,1700,1800.0,1700,54120,1200
16/12/2011,1800,1600,1800.0,1700,17840,1200
19/12/2011,1800,1800,1800.0,1800,3270,1200
20/12/2011,1900,1800,1900.0,1900,2350,1300
21/12/2011,1900,1800,1900.0,1800,1660,1200
22/12/2011,1800,1700,1800.0,1700,9860,1200
23/12/2011,1700,1600,1700.0,1600,20620,1100
26/12/2011,1500,1500,1500.0,1500,7860,1000
27/12/2011,1500,1400,1400.0,1400,11150,1000
28/12/2011,1500,1300,1300.0,1300,29230,900
29/12/2011,1400,1200,1200.0,1400,59560,1000
30/12/2011,1500,1300,1300.0,1400,3130,1000
03/01/2012,1500,1400,1500.0,1500,2340,1000
04/01/2012,1600,1400,1500.0,1400,1280,1000
05/01/2012,1500,1400,1400.0,1500,10120,1000
06/01/2012,1500,1400,1500.0,1400,1610,1000
09/01/2012,1500,1300,1300.0,1500,36000,1000
10/01/2012,1500,1400,1500.0,1500,7460,1000
11/01/2012,1500,1400,1500.0,1400,1090,1000
12/01/2012,1400,1300,1300.0,1400,8820,1000
13/01/2012,1400,1400,1400.0,1400,4210,1000
16/01/2012,1400,1300,1400.0,1300,2050,900
17/01/2012,1400,1200,1200.0,1400,2310,1000
18/01/2012,1500,1400,1400.0,1500,9640,1000
19/01/2012,1600,1400,1500.0,1600,2260,1100
20/01/2012,1600,1500,1600.0,1600,21480,1100
30/01/2012,1700,1600,1600.0,1700,4780,1200
31/01/2012,1800,1700,1700.0,1800,46070,1200
01/02/2012,1900,1700,1800.0,1900,3940,1300
02/02/2012,1900,1800,1900.0,1900,16770,1300
03/02/2012,2000,1800,2000.0,1800,63530,1200
06/02/2012,1800,1700,1700.0,1700,28170,1200
07/02/2012,1800,1600,1700.0,1700,8450,1200
08/02/2012,1800,1600,1600.0,1800,31700,1200
09/02/2012,1900,1800,1900.0,1900,4340,1300
10/02/2012,1900,1800,1800.0,1800,124010,1200
13/02/2012,1800,1700,1700.0,1700,2330,1200
14/02/2012,1800,1700,1700.0,1700,3480,1200
15/02/2012,1800,1600,1600.0,1800,7420,1200
16/02/2012,1800,1800,1800.0,1800,31030,1200
17/02/2012,1900,1800,1900.0,1900,19110,1300
20/02/2012,2000,1900,1900.0,2000,28860,1400
21/02/2012,2000,1900,2000.0,1900,6990,1300
22/02/2012,1800,1800,1800.0,1800,94390,1200
23/02/2012,1800,1700,1800.0,1800,66750,1200
24/02/2012,1900,1700,1700.0,1800,42340,1200
27/02/2012,1900,1800,1800.0,1900,39390,1300
28/02/2012,2000,1800,2000.0,1800,20690,1200
29/02/2012,1900,1700,1800.0,1900,15410,1300
01/03/2012,2000,1800,1800.0,2000,46320,1400
02/03/2012,2100,1900,1900.0,2100,17580,1400
05/03/2012,2200,2100,2100.0,2200,63440,1500
06/03/2012,2300,2200,2300.0,2200,39370,1500
07/03/2012,2300,2200,2200.0,2300,37890,1600
08/03/2012,2400,2200,2300.0,2200,22170,1500
09/03/2012,2300,2100,2200.0,2300,43250,1600
12/03/2012,2400,2300,2300.0,2400,-,1600
13/03/2012,2500,2400,2500.0,2500,31430,1700
14/03/2012,2600,2400,2600.0,2400,51000,1600
15/03/2012,2500,2300,2300.0,2500,120440,1700
16/03/2012,2600,2400,2600.0,2600,36240,1800
19/03/2012,2700,2600,2600.0,2600,35720,1800
20/03/2012,2700,2500,2700.0,2500,20720,1700
21/03/2012,2600,2400,2500.0,2600,28350,1800
22/03/2012,2700,2500,2500.0,2600,17790,1800
23/03/2012,2700,2600,2700.0,2700,39600,1800
26/03/2012,2800,2600,2700.0,2800,43750,1900
27/03/2012,2900,2800,2900.0,2900,42820,2000
28/03/2012,3000,2800,2900.0,2900,38760,2000
29/03/2012,2800,2800,2800.0,2800,11870,1900
30/03/2012,2700,2700,2700.0,2700,1660,1800
03/04/2012,2600,2600,2600.0,2600,3100,1800
04/04/2012,2500,2500,2500.0,2500,16920,1700
05/04/2012,2400,2400,2400.0,2400,1850,1600
06/04/2012,2400,2300,2300.0,2300,648860,1600
09/04/2012,2300,2300,2300.0,2300,-,1600
10/04/2012,2300,2300,2300.0,2300,-,1600
11/04/2012,2300,2300,2300.0,2300,-,1600
12/04/2012,2300,2300,2300.0,2300,-,1600
13/04/2012,2300,2300,2300.0,2300,-,1600
16/04/2012,2300,2300,2300.0,2300,-,1600
17/04/2012,2300,2300,2300.0,2300,-,1600
18/04/2012,2300,2300,2300.0,2300,-,1600
19/04/2012,2300,2300,2300.0,2300,-,1600
20/04/2012,2300,2300,2300.0,2300,-,1600
23/04/2012,2300,2300,2300.0,2300,-,1600
24/04/2012,2300,2300,2300.0,2300,-,1600
25/04/2012,2300,2300,2300.0,2300,-,1600
26/04/2012,2300,2300,2300.0,2300,-,1600
27/04/2012,2300,2300,2300.0,2300,-,1600
02/05/2012,2300,2300,2300.0,2300,-,1600
03/05/2012,2300,2300,2300.0,2300,-,1600
04/05/2012,2300,2300,2300.0,2300,-,1600
07/05/2012,2300,2300,2300.0,2300,-,1600
08/05/2012,2300,2300,2300.0,2300,-,1600
09/05/2012,2300,2300,2300.0,2300,-,1600
10/05/2012,2300,2300,2300.0,2300,-,1600
11/05/2012,2300,2300,2300.0,2300,-,1600
14/05/2012,2700,2700,2700.0,2700,20330,1800
15/05/2012,2600,2600,2600.0,2600,12200,1800
16/05/2012,2500,2500,2500.0,2500,7780,1700
17/05/2012,2500,2500,2500.0,2500,46770,1700
18/05/2012,2400,2400,2400.0,2400,1200,1600
21/05/2012,2400,2400,2400.0,2400,4400,1600
22/05/2012,2400,2400,2400.0,2400,7130,1600
23/05/2012,2500,2500,2500.0,2500,610,1700
24/05/2012,2600,2600,2600.0,2600,2100,1800
25/05/2012,2700,2700,2700.0,2700,9610,1800
28/05/2012,2700,2700,2700.0,2700,3690,1800
29/05/2012,2800,2800,2800.0,2800,700,1900
30/05/2012,2800,2800,2800.0,2800,-,1900
31/05/2012,2700,2700,2700.0,2700,650,1800
01/06/2012,2700,2700,2700.0,2700,2000,1800
04/06/2012,2800,2800,2800.0,2800,110,1900
05/06/2012,2700,2700,2700.0,2700,210,1800
06/06/2012,2600,2600,2600.0,2600,4010,1800
07/06/2012,2600,2600,2600.0,2600,1000,1800
08/06/2012,2500,2500,2500.0,2500,920,1700
11/06/2012,2600,2600,2600.0,2600,200,1800
12/06/2012,2600,2600,2600.0,2600,-,1800
13/06/2012,2600,2600,2600.0,2600,80,1800
14/06/2012,2600,2600,2600.0,2600,10,1800
15/06/2012,2600,2600,2600.0,2600,-,1800
18/06/2012,2600,2600,2600.0,2600,-,1800
19/06/2012,2500,2500,2500.0,2500,10,1700
20/06/2012,2400,2400,2400.0,2400,500,1600
21/06/2012,2300,2300,2300.0,2300,5000,1600
22/06/2012,2200,2200,2200.0,2200,500,1500
25/06/2012,2100,2100,2100.0,2100,1000,1400
26/06/2012,2000,2000,2000.0,2000,-,1400
27/06/2012,2000,2000,2000.0,2000,-,1400
28/06/2012,2000,2000,2000.0,2000,-,1400
29/06/2012,1900,1900,1900.0,1900,1510,1300
02/07/2012,1800,1800,1800.0,1800,50,1200
03/07/2012,1700,1700,1700.0,1700,140,1200
04/07/2012,1600,1600,1600.0,1600,30,1100
05/07/2012,1500,1500,1500.0,1500,10,1000
06/07/2012,1500,1500,1500.0,1500,10,1000
09/07/2012,1400,1400,1400.0,1400,8180,1000
10/07/2012,1500,1500,1500.0,1500,170,1000
11/07/2012,1600,1600,1600.0,1600,220,1100
12/07/2012,1600,1600,1600.0,1600,-,1100
13/07/2012,1700,1700,1700.0,1700,460,1200
16/07/2012,1800,1800,1800.0,1800,10,1200
17/07/2012,1900,1900,1900.0,1900,10,1300
18/07/2012,1900,1900,1900.0,1900,20,1300
19/07/2012,2000,2000,2000.0,2000,20,1400
20/07/2012,2100,2100,2100.0,2100,810,1400
23/07/2012,2200,2200,2100.0,2200,20,1500
24/07/2012,2300,2300,2300.0,2300,200,1600
25/07/2012,2200,2200,2200.0,2200,1610,1500
26/07/2012,2200,2200,2200.0,2200,-,1500
27/07/2012,2300,2300,2300.0,2300,200,1600
30/07/2012,2400,2400,2400.0,2400,10,1600
31/07/2012,2400,2400,2400.0,2400,-,1600
01/08/2012,2400,2400,2400.0,2400,20,1600
02/08/2012,2500,2500,2500.0,2500,10,1700
03/08/2012,2500,2500,2500.0,2500,2000,1700
06/08/2012,2500,2500,2500.0,2500,10,1700
07/08/2012,2400,2400,2400.0,2400,30,1600
08/08/2012,2400,2400,2400.0,2400,-,1600
09/08/2012,2300,2300,2400.0,2300,10,1600
10/08/2012,2200,2200,2200.0,2200,10,1500
13/08/2012,2200,2200,2200.0,2200,-,1500
14/08/2012,2200,2200,2200.0,2200,10,1500
15/08/2012,2100,2100,2100.0,2100,30,1400
16/08/2012,2100,2100,2100.0,2100,-,1400
17/08/2012,2000,2000,2000.0,2000,1000,1400
20/08/2012,1900,1900,2000.0,1900,10,1300
21/08/2012,1800,1800,1800.0,1800,50,1200
22/08/2012,1700,1700,1700.0,1700,2000,1200
23/08/2012,1800,1800,1800.0,1800,10,1200
24/08/2012,1700,1700,1700.0,1700,30,1200
27/08/2012,1700,1700,1700.0,1700,-,1200
28/08/2012,1700,1700,1700.0,1700,-,1200
29/08/2012,1600,1600,1600.0,1600,260,1100
30/08/2012,1500,1500,1500.0,1500,10,1000
31/08/2012,1500,1500,1500.0,1500,-,1000
04/09/2012,1500,1500,1500.0,1500,-,1000
05/09/2012,1600,1600,1600.0,1600,60,1100
06/09/2012,1600,1600,1600.0,1600,-,1100
07/09/2012,1700,1700,1700.0,1700,10,1200
10/09/2012,1600,1600,1600.0,1600,90,1100
11/09/2012,1600,1600,1600.0,1600,-,1100
12/09/2012,1700,1700,1700.0,1700,10,1200
13/09/2012,1700,1700,1700.0,1700,10,1200
14/09/2012,1700,1700,1700.0,1700,-,1200
17/09/2012,1700,1700,1700.0,1700,-,1200
18/09/2012,1800,1800,1800.0,1800,10,1200
19/09/2012,1900,1900,1900.0,1900,10,1300
20/09/2012,1900,1900,1900.0,1900,-,1300
21/09/2012,2000,2000,2000.0,2000,60,1400
24/09/2012,2100,2100,2100.0,2100,10,1400
25/09/2012,2100,2100,2100.0,2100,-,1400
26/09/2012,2000,2000,2000.0,2000,10,1400
27/09/2012,1900,1900,1900.0,1900,90,1300
28/09/2012,1800,1800,1800.0,1800,170,1200
01/10/2012,1800,1800,1800.0,1800,-,1200
02/10/2012,1800,1800,1800.0,1800,-,1200
03/10/2012,1800,1800,1800.0,1800,10,1200
04/10/2012,1800,1800,1800.0,1800,-,1200
05/10/2012,1800,1800,1800.0,1800,-,1200
08/10/2012,1900,1900,1900.0,1900,10,1300
09/10/2012,1900,1900,1900.0,1900,-,1300
10/10/2012,1800,1800,1800.0,1800,10,1200
11/10/2012,1800,1800,1800.0,1800,-,1200
12/10/2012,1800,1800,1800.0,1800,-,1200
15/10/2012,1800,1800,1800.0,1800,170,1200
16/10/2012,1800,1800,1800.0,1800,-,1200
17/10/2012,1700,1700,1700.0,1700,20,1200
18/10/2012,1600,1600,1600.0,1600,10,1100
19/10/2012,1600,1600,1600.0,1600,-,1100
22/10/2012,1600,1600,1600.0,1600,100,1100
23/10/2012,1500,1500,1500.0,1500,10,1000
24/10/2012,1400,1400,1400.0,1400,10,1000
25/10/2012,1400,1400,1400.0,1400,-,1000
26/10/2012,1300,1300,1300.0,1300,40,900
29/10/2012,1400,1400,1400.0,1400,10,1000
30/10/2012,1400,1400,1400.0,1400,-,1000
31/10/2012,1300,1300,1300.0,1300,10,900
01/11/2012,1300,1300,1300.0,1300,10,900
02/11/2012,1200,1200,1200.0,1200,20,800
05/11/2012,1100,1100,1200.0,1100,10,800
06/11/2012,1000,1000,1000.0,1000,40,700
07/11/2012,900,900,1000.0,900,20,600
08/11/2012,800,800,800.0,800,20,500
09/11/2012,700,700,700.0,700,20,500
12/11/2012,800,800,800.0,800,20,500
13/11/2012,800,800,800.0,800,10,500
14/11/2012,900,900,900.0,900,10,600
15/11/2012,800,800,800.0,800,50,500
16/11/2012,700,700,700.0,700,40,500
19/11/2012,700,700,,700,-,500
20/11/2012,600,600,600.0,600,230,400
21/11/2012,700,700,700.0,700,70,500
22/11/2012,800,800,800.0,800,20,500
23/11/2012,700,700,700.0,700,20,500
26/11/2012,800,800,800.0,800,160,500
27/11/2012,900,900,900.0,900,10,600
28/11/2012,900,900,,900,-,600
29/11/2012,900,900,,900,-,600
30/11/2012,900,900,,900,-,600
03/12/2012,900,900,,900,-,600
04/12/2012,900,900,,900,-,600
05/12/2012,900,900,900.0,900,1010,600
06/12/2012,900,900,900.0,900,360,600
07/12/2012,1000,1000,1000.0,1000,10,700
10/12/2012,1000,1000,1000.0,1000,20,700
11/12/2012,900,900,900.0,900,20,600
12/12/2012,1000,1000,1000.0,1000,110,700
13/12/2012,1000,1000,1000.0,1000,110,700
14/12/2012,1000,1000,,1000,-,700
17/12/2012,1100,1100,1100.0,1100,150,800
18/12/2012,1200,1200,1200.0,1200,10,800
19/12/2012,1300,1300,1300.0,1300,10,900
20/12/2012,1200,1200,1200.0,1200,20,800
21/12/2012,1100,1100,1100.0,1100,200,800
24/12/2012,1000,1000,1000.0,1000,200,700
25/12/2012,900,900,900.0,900,1610,600
26/12/2012,900,900,900.0,900,210,600
27/12/2012,800,800,800.0,800,190,500
28/12/2012,700,700,700.0,700,90,500
02/01/2013,800,800,800.0,800,10,500
03/01/2013,800,800,800.0,800,410,500
04/01/2013,900,900,900.0,900,3020,600
07/01/2013,1000,1000,1000.0,1000,4080,700
08/01/2013,1100,1100,1100.0,1100,60,800
09/01/2013,1200,1200,1200.0,1200,6550,800
10/01/2013,1300,1300,1300.0,1300,5640,900
11/01/2013,1200,1200,1200.0,1200,1490,800
14/01/2013,1100,1100,1100.0,1100,250,800
15/01/2013,1200,1200,1200.0,1200,3190,800
16/01/2013,1300,1300,1300.0,1300,20,900
17/01/2013,1200,1200,1200.0,1200,30,800
18/01/2013,1100,1100,1100.0,1100,1180,800
21/01/2013,1000,1000,1000.0,1000,710,700
22/01/2013,900,900,900.0,900,14470,600
23/01/2013,1000,1000,1000.0,1000,4150,700
24/01/2013,900,900,900.0,900,12540,600
25/01/2013,900,900,900.0,900,1950,600
28/01/2013,800,800,800.0,800,5710,500
29/01/2013,800,800,800.0,800,23490,500
30/01/2013,900,900,900.0,900,3220,600
31/01/2013,900,900,900.0,900,180,600
01/02/2013,900,900,900.0,900,5700,600
04/02/2013,800,800,800.0,800,30,500
05/02/2013,700,700,700.0,700,20,500
06/02/2013,600,600,600.0,600,1060,400
07/02/2013,700,700,700.0,700,120,500
08/02/2013,800,800,800.0,800,250,500
18/02/2013,900,900,900.0,900,1700,600
19/02/2013,900,900,900.0,900,150,600
20/02/2013,800,800,800.0,800,70,500
21/02/2013,900,900,900.0,900,6150,600
22/02/2013,800,800,800.0,800,200,500
25/02/2013,900,900,900.0,900,6000,600
26/02/2013,800,800,800.0,800,10,500
27/02/2013,800,800,800.0,800,1030,500
28/02/2013,800,800,800.0,800,3000,500
01/03/2013,900,900,900.0,900,90,600
04/03/2013,800,800,800.0,800,10,500
05/03/2013,900,900,900.0,900,30,600
06/03/2013,800,800,800.0,800,10,500
07/03/2013,900,900,900.0,900,40,600
08/03/2013,900,900,900.0,900,1010,600
11/03/2013,1000,1000,1000.0,1000,30420,700
12/03/2013,900,900,900.0,900,4000,600
13/03/2013,900,900,900.0,900,30,600
14/03/2013,1000,1000,1000.0,1000,10,700
15/03/2013,900,900,900.0,900,30,600
18/03/2013,900,900,,900,-,600
19/03/2013,800,800,800.0,800,150,500
20/03/2013,800,800,,800,-,500
21/03/2013,800,800,,800,-,500
22/03/2013,900,900,900.0,900,20,600
25/03/2013,1000,1000,1000.0,1000,1950,700
26/03/2013,1000,1000,,1000,-,700
27/03/2013,1000,1000,,1000,-,700
28/03/2013,900,900,900.0,900,30,600
29/03/2013,1000,1000,1000.0,1000,1650,700
01/04/2013,900,900,900.0,900,10,600
02/04/2013,900,900,900.0,900,3000,600
03/04/2013,800,800,800.0,800,100,500
04/04/2013,700,700,700.0,700,8170,500
05/04/2013,600,600,600.0,600,18780,400
08/04/2013,700,700,700.0,700,60,500
09/04/2013,800,800,800.0,800,20,500
10/04/2013,900,900,900.0,900,20,600
11/04/2013,800,800,800.0,800,46710,500
12/04/2013,800,800,800.0,800,2940,500
15/04/2013,700,700,700.0,700,1000,500
16/04/2013,700,700,,700,-,500
17/04/2013,700,700,700.0,700,12760,500
18/04/2013,800,800,800.0,800,8000,500
22/04/2013,900,900,900.0,900,2000,600
23/04/2013,800,800,800.0,800,20,500
24/04/2013,900,900,900.0,900,2090,600
25/04/2013,900,900,,900,-,600
26/04/2013,900,900,,900,-,600
02/05/2013,1000,1000,1000.0,1000,2740,700
18/03/2015,2900,2800,2900.0,2900,24500,2000
19/03/2015,3100,2700,2700.0,3100,9500,2100
20/03/2015,2800,2800,2800.0,2800,40,2100
23/03/2015,2800,2800,2800.0,2800,-,2100
24/03/2015,2600,2600,2600.0,2600,100,1800
25/03/2015,2600,2600,2600.0,2600,-,1800
26/03/2015,2400,2400,2400.0,2400,100,1600
27/03/2015,2200,2200,2200.0,2200,100,1500
30/03/2015,2200,2200,2200.0,2200,-,1500
31/03/2015,2000,2000,2000.0,2000,900,1400
01/04/2015,1800,1800,1800.0,1800,8500,1200
02/04/2015,1900,1700,1900.0,1700,1200,1200
03/04/2015,1800,1700,1700.0,1800,1100,1200
06/04/2015,1800,1700,1700.0,1800,1900,1200
07/04/2015,1800,1800,1800.0,1800,300,1200
08/04/2015,1900,1900,1900.0,1900,1100,1300
09/04/2015,2000,2000,2000.0,2000,110,1400
10/04/2015,1800,1800,1800.0,1800,2000,1200
13/04/2015,1900,1900,1900.0,1900,200,1300
14/04/2015,2000,2000,2000.0,2000,5000,1400
15/04/2015,2200,1800,2200.0,1800,10600,1200
16/04/2015,1900,1900,1900.0,1900,400,1300
17/04/2015,2000,2000,2000.0,2000,200,1400
20/04/2015,2200,2200,2200.0,2200,100,1500
21/04/2015,2000,2000,2000.0,2000,1000,1400
22/04/2015,1800,1800,1800.0,1800,1000,1200
23/04/2015,1700,1700,1700.0,1700,3500,1200
24/04/2015,1600,1600,1600.0,1600,4500,1100
27/04/2015,1700,1700,1700.0,1700,1000,1200
04/05/2015,1800,1800,1800.0,1800,500,1200
05/05/2015,1900,1800,1800.0,1900,2100,1300
06/05/2015,2000,2000,2000.0,2000,1000,1400
07/05/2015,1800,1800,1800.0,1800,2000,1200
08/05/2015,1900,1800,1800.0,1900,600,1300
11/05/2015,2000,1900,1900.0,2000,3500,1400
12/05/2015,2200,1800,1800.0,2200,600,1500
13/05/2015,2300,1900,2300.0,1900,2300,1300
14/05/2015,1800,1800,1800.0,1800,1580,1200
15/05/2015,1900,1800,1900.0,1900,1300,1300
18/05/2015,2000,2000,2000.0,2000,1000,1400
19/05/2015,2000,2000,2000.0,2000,-,1400
20/05/2015,2000,2000,2000.0,2000,100,1400
21/05/2015,2000,2000,2000.0,2000,-,1400
22/05/2015,1800,1800,1800.0,1800,500,1200
25/05/2015,1800,1800,1800.0,1800,800,1200
26/05/2015,1800,1800,1800.0,1800,900,1200
27/05/2015,1900,1900,1900.0,1900,500,1300
28/05/2015,1900,1900,1900.0,1900,500,1300
29/05/2015,2000,2000,2000.0,2000,700,1400
01/06/2015,1800,1800,1800.0,1800,5500,1200
02/06/2015,1900,1900,1900.0,1900,300,1300
03/06/2015,1900,1900,1900.0,1900,-,1300
04/06/2015,1900,1900,1900.0,1900,-,1300
05/06/2015,2000,2000,2000.0,2000,500,1400
08/06/2015,2000,2000,2000.0,2000,-,1400
09/06/2015,1800,1800,1800.0,1800,1100,1200
10/06/2015,1800,1800,1800.0,1800,2100,1200
11/06/2015,1800,1800,1800.0,1800,-,1200
12/06/2015,1800,1700,1700.0,1800,700,1200
15/06/2015,1800,1800,1800.0,1800,500,1200
16/06/2015,1900,1800,1900.0,1800,600,1200
17/06/2015,2000,2000,2000.0,2000,500,1400
18/06/2015,2000,2000,2000.0,2000,-,1400
19/06/2015,1800,1800,1800.0,1800,1000,1200
22/06/2015,1900,1800,1900.0,1800,1400,1200
23/06/2015,1900,1800,1900.0,1800,9500,1200
24/06/2015,1800,1800,1800.0,1800,-,1200
25/06/2015,1900,1900,1900.0,1900,100,1300
26/06/2015,1800,1800,1800.0,1800,3900,1200
29/06/2015,1700,1700,1700.0,1700,900,1200
30/06/2015,1700,1700,1700.0,1700,1300,1200
01/07/2015,1800,1800,1800.0,1800,1100,1200
02/07/2015,1700,1600,1600.0,1700,700,1200
03/07/2015,1800,1600,1800.0,1600,5400,1100
06/07/2015,1800,1700,1700.0,1800,700,1200
07/07/2015,2000,1800,1800.0,2000,5900,1400
08/07/2015,2000,2000,2000.0,2000,-,1400
09/07/2015,1700,1700,1700.0,1700,5000,1200
10/07/2015,1700,1500,1700.0,1500,5500,1000
13/07/2015,1500,1500,1500.0,1500,1000,1000
14/07/2015,1700,1600,1700.0,1600,2400,1100
15/07/2015,1600,1500,1600.0,1500,2800,1000
16/07/2015,1500,1300,1500.0,1300,10000,900
17/07/2015,1400,1400,1400.0,1400,300,900
20/07/2015,1600,1600,1600.0,1600,100,1100
21/07/2015,1500,1500,1500.0,1500,520,1000
22/07/2015,1500,1500,1500.0,1500,-,1000
23/07/2015,1500,1500,1500.0,1500,-,1000
24/07/2015,1400,1400,1400.0,1400,210,1000
27/07/2015,1400,1400,1400.0,1400,-,1000
28/07/2015,1400,1400,1400.0,1400,-,1000
29/07/2015,1400,1400,1400.0,1400,-,1000
30/07/2015,1600,1600,1600.0,1600,100,1100
31/07/2015,1600,1600,1600.0,1600,-,1100
03/08/2015,1600,1600,1600.0,1600,-,1100
04/08/2015,1600,1600,1600.0,1600,-,1100
05/08/2015,1600,1600,1600.0,1600,-,1100
06/08/2015,1600,1600,1600.0,1600,-,1100
07/08/2015,1600,1600,1600.0,1600,-,1100
10/08/2015,1400,1400,1400.0,1400,700,1000
11/08/2015,1400,1400,1400.0,1400,-,1000
12/08/2015,1600,1500,1600.0,1600,1100,1100
13/08/2015,1400,1400,1400.0,1400,200,1000
14/08/2015,1400,1400,1400.0,1400,-,1000
17/08/2015,1400,1400,1400.0,1400,-,1000
18/08/2015,1400,1400,1400.0,1400,-,1000
19/08/2015,1600,1300,1600.0,1300,500,900
20/08/2015,1400,1400,1400.0,1400,-,900
21/08/2015,1400,1400,1400.0,1400,-,900
24/08/2015,1600,1600,1600.0,1600,100,1100
25/08/2015,1600,1600,1600.0,1600,-,1100
26/08/2015,1600,1600,1600.0,1600,-,1100
27/08/2015,1600,1600,1600.0,1600,-,1100
28/08/2015,1600,1600,1600.0,1600,-,1100
31/08/2015,1600,1600,1600.0,1600,-,1100
01/09/2015,1600,1600,1600.0,1600,-,1100
03/09/2015,1600,1600,1600.0,1600,-,1100
04/09/2015,1400,1400,1400.0,1400,100,1000
07/09/2015,1200,1200,1200.0,1200,1600,800
08/09/2015,1300,1300,1300.0,1300,100,900
09/09/2015,1400,1300,1300.0,1400,700,1000
10/09/2015,1400,1400,1400.0,1400,200,1000
11/09/2015,1500,1200,1200.0,1500,700,1000
14/09/2015,1400,1400,1400.0,1400,2100,1000
15/09/2015,1300,1200,1300.0,1200,300,800
16/09/2015,1300,1200,1300.0,1300,14000,900
17/09/2015,1300,1100,1300.0,1300,7800,900
18/09/2015,1200,1200,1200.0,1200,300,800
21/09/2015,1200,1200,1200.0,1200,6400,800
22/09/2015,1200,1200,1200.0,1200,1400,800
23/09/2015,1200,1100,1100.0,1200,10400,800
24/09/2015,1300,1300,1300.0,1300,1700,900
25/09/2015,1400,1200,1200.0,1200,1600,800
28/09/2015,1400,1400,1400.0,1400,-,800
29/09/2015,1400,1400,1400.0,1400,-,800
30/09/2015,1400,1200,1400.0,1400,3200,1000
01/10/2015,1600,1500,1500.0,1600,5200,1100
02/10/2015,1700,1600,1700.0,1600,32400,1100
05/10/2015,1500,1500,1500.0,1500,100,1000
06/10/2015,1500,1500,1500.0,1500,100,1000
07/10/2015,1600,1300,1600.0,1300,9200,900
08/10/2015,1400,1200,1400.0,1200,10200,800
09/10/2015,1300,1300,1300.0,1300,600,900
12/10/2015,1400,1400,1400.0,1400,1500,1000
13/10/2015,1400,1300,1400.0,1300,900,900
14/10/2015,1400,1400,1400.0,1400,-,900
15/10/2015,1400,1400,1400.0,1400,-,900
16/10/2015,1400,1400,1400.0,1400,-,900
19/10/2015,1400,1400,1400.0,1400,-,900
20/10/2015,1400,1400,1400.0,1400,-,900
21/10/2015,1400,1400,1400.0,1400,-,900
22/10/2015,1400,1400,1400.0,1400,1600,1000
23/10/2015,1400,1400,1400.0,1400,-,1000
26/10/2015,1200,1200,1200.0,1200,600,800
27/10/2015,1300,1200,1300.0,1200,1800,800
28/10/2015,1400,1300,1300.0,1300,1200,900
29/10/2015,1300,1300,1300.0,1300,1000,900
30/10/2015,1300,1300,1300.0,1300,6500,900
02/11/2015,1300,1300,1300.0,1300,5500,900
03/11/2015,1400,1400,1400.0,1400,1200,1000
04/11/2015,1400,1400,1400.0,1400,-,1000
05/11/2015,1600,1500,1600.0,1500,700,1000
06/11/2015,1500,1500,1500.0,1500,500,1000
09/11/2015,1500,1500,1500.0,1500,1000,1000
10/11/2015,1500,1500,1500.0,1500,-,1000
11/11/2015,1500,1500,1500.0,1500,-,1000
12/11/2015,1700,1600,1600.0,1700,1900,1200
13/11/2015,1600,1600,1600.0,1600,1710,1100
16/11/2015,1700,1700,1700.0,1700,500,1200
17/11/2015,1700,1700,1700.0,1700,-,1200
18/11/2015,1700,1700,1700.0,1700,-,1200
19/11/2015,1900,1600,1700.0,1600,2740,1100
20/11/2015,1600,1600,1600.0,1600,3600,1100
23/11/2015,1800,1800,1800.0,1800,200,1200
24/11/2015,1800,1800,1800.0,1800,-,1200
25/11/2015,1800,1800,1800.0,1800,-,1200
26/11/2015,1800,1800,1800.0,1800,-,1200
27/11/2015,1600,1600,1600.0,1600,2000,1100
30/11/2015,1600,1600,1600.0,1600,-,1100
01/12/2015,1400,1400,1400.0,1400,12010,1000
02/12/2015,1300,1300,1300.0,1300,500,900
03/12/2015,1400,1400,1400.0,1400,45500,1000
04/12/2015,1600,1600,1600.0,1600,200,1100
07/12/2015,1400,1400,1400.0,1400,14100,1000
08/12/2015,1300,1200,1200.0,1300,10000,900
09/12/2015,1200,1200,1200.0,1200,20800,800
10/12/2015,1200,1200,1200.0,1200,10500,800
11/12/2015,1100,1100,1100.0,1100,16100,800
14/12/2015,1200,1000,1000.0,1100,18900,800
15/12/2015,1200,1200,1200.0,1200,2700,800
16/12/2015,1200,1200,1200.0,1200,-,800
17/12/2015,1200,1100,1200.0,1100,1500,800
18/12/2015,1100,1100,1100.0,1100,-,800
21/12/2015,1100,1100,1100.0,1100,500,800
22/12/2015,1100,1100,1100.0,1100,1100,800
23/12/2015,1100,1000,1000.0,1100,400,800
24/12/2015,1100,1000,1100.0,1000,600,700
25/12/2015,1000,1000,1000.0,1000,1000,700
28/12/2015,1100,1100,1100.0,1100,7000,800
29/12/2015,1200,1000,1000.0,1200,11700,800
30/12/2015,1300,1200,1200.0,1300,4300,900
31/12/2015,1200,1200,1200.0,1200,100,800
04/01/2016,1200,1200,1200.0,1200,-,800
05/01/2016,1200,1200,1200.0,1200,100,800
06/01/2016,1200,1200,1200.0,1200,500,800
07/01/2016,1300,1100,1300.0,1100,11600,800
08/01/2016,1100,1100,1100.0,1100,-,800
11/01/2016,1200,1200,1200.0,1200,200,800
12/01/2016,1300,1300,1300.0,1300,400,900
13/01/2016,1200,1200,1200.0,1200,2000,800
14/01/2016,1200,1200,1200.0,1200,100,800
15/01/2016,1100,1100,1100.0,1100,100,800
18/01/2016,1100,1000,1100.0,1000,700,700
19/01/2016,1100,1100,1100.0,1100,500,800
20/01/2016,1200,1200,1200.0,1200,9500,800
21/01/2016,1300,1300,1300.0,1300,100,900
22/01/2016,1300,1200,1300.0,1200,2700,800
25/01/2016,1300,1100,1200.0,1300,1700,900
26/01/2016,1100,1100,1100.0,1100,1000,800
27/01/2016,1100,1100,1100.0,1100,-,800
28/01/2016,1100,1100,1100.0,1100,10,800
29/01/2016,1000,1000,1000.0,1000,1500,700
01/02/2016,1000,1000,1000.0,1000,-,700
02/02/2016,1000,1000,1000.0,1000,-,700
03/02/2016,1100,1100,1100.0,1100,300,800
04/02/2016,1200,1200,1200.0,1200,400,800
05/02/2016,1300,1100,1300.0,1300,1800,900
15/02/2016,1300,1200,1200.0,1300,500,900
16/02/2016,1300,1300,1300.0,1300,2900,900
17/02/2016,1400,1400,1400.0,1400,3700,1000
18/02/2016,1400,1300,1300.0,1400,18000,1000
19/02/2016,1600,1500,1500.0,1600,1400,1100
22/02/2016,1800,1600,1600.0,1800,13200,1200
23/02/2016,2000,1700,2000.0,2000,16200,1400
24/02/2016,1900,1700,1900.0,1800,30300,1200
25/02/2016,1800,1700,1800.0,1700,1800,1200
26/02/2016,1600,1600,1600.0,1600,5210,1100
29/02/2016,1600,1500,1600.0,1500,17200,1000
01/03/2016,1500,1500,1500.0,1500,-,1000
02/03/2016,1500,1500,1500.0,1500,1200,1000
03/03/2016,1600,1600,1600.0,1600,1600,1100
04/03/2016,1600,1600,1600.0,1600,-,1100
07/03/2016,1600,1600,1600.0,1600,8600,1100
08/03/2016,1600,1400,1400.0,1600,1100,1100
09/03/2016,1400,1400,1400.0,1400,500,1000
10/03/2016,1300,1200,1200.0,1300,10500,900
11/03/2016,1300,1300,1300.0,1300,4100,900
14/03/2016,1300,1300,,1300,-,900
15/03/2016,1400,1400,,1400,63300,900
16/03/2016,1600,1600,1600.0,1600,9600,1100
17/03/2016,1800,1800,1800.0,1800,8800,1200
18/03/2016,2000,2000,2000.0,2000,69100,1400
21/03/2016,2100,1800,2100.0,2000,29800,1400
22/03/2016,2000,1700,2000.0,1700,700,1200
23/03/2016,1900,1800,1900.0,1800,11100,1200
24/03/2016,2000,1600,1600.0,1900,13900,1300
25/03/2016,1900,1900,1900.0,1900,1000,1300
28/03/2016,2100,1800,1800.0,2000,6200,1400
29/03/2016,2000,2000,2000.0,2000,1000,1400
30/03/2016,2300,2000,2000.0,2200,33700,1500
31/03/2016,2400,1900,1900.0,2300,2900,1600
01/04/2016,2500,2100,2500.0,2200,24200,1500
04/04/2016,2400,1900,1900.0,2400,2300,1600
05/04/2016,2600,2100,2100.0,2500,20600,1700
06/04/2016,2700,2600,2600.0,2700,3000,1800
07/04/2016,2800,2300,2400.0,2800,8600,1900
08/04/2016,2900,2700,2900.0,2900,5700,2000
11/04/2016,3000,2900,3000.0,2900,4600,2000
12/04/2016,3100,2600,2900.0,2600,9300,1800
13/04/2016,2900,2400,2500.0,2500,5400,1700
14/04/2016,2700,2300,2700.0,2400,7600,1600
15/04/2016,2600,2100,2100.0,2600,4100,1800
19/04/2016,2700,2300,2300.0,2700,730,1800
20/04/2016,2400,2300,2300.0,2300,4500,1600
21/04/2016,2500,2000,2000.0,2100,4800,1400
22/04/2016,2400,1800,1900.0,2400,40900,1600
25/04/2016,2300,2000,2000.0,2300,6000,1600
26/04/2016,2400,1900,1900.0,2400,2000,1600
27/04/2016,2000,1900,2000.0,2000,2900,1400
28/04/2016,1800,1700,1800.0,1700,10900,1200
29/04/2016,1900,1500,1500.0,1900,3310,1300
04/05/2016,1900,1500,1900.0,1500,2700,1000
05/05/2016,1500,1500,1500.0,1500,6600,1000
06/05/2016,1700,1500,1700.0,1500,2000,1000
09/05/2016,1700,1500,1600.0,1500,3800,1000
10/05/2016,1800,1600,1600.0,1800,2500,1200
11/05/2016,1800,1700,1800.0,1700,300,1200
12/05/2016,1800,1800,1800.0,1800,210,1200
13/05/2016,2000,2000,2000.0,2000,107,1400
16/05/2016,2000,1700,2000.0,1700,1300,1200
17/05/2016,1700,1500,1600.0,1500,8370,1000
18/05/2016,1500,1300,1500.0,1300,7900,900
19/05/2016,1400,1400,1400.0,1400,1200,1000
20/05/2016,1500,1400,1500.0,1400,1100,1000
23/05/2016,1700,1300,1500.0,1700,11120,1200
24/05/2016,1800,1800,1800.0,1800,7600,1300
25/05/2016,1600,1600,1600.0,1600,310,1100
26/05/2016,1700,1700,1700.0,1700,300,1200
27/05/2016,1800,1700,1800.0,1700,2400,1200
30/05/2016,1700,1700,1700.0,1700,500,1200
31/05/2016,1700,1700,1700.0,1700,-,1200
01/06/2016,1700,1500,1700.0,1500,3600,1100
02/06/2016,1700,1300,1700.0,1300,71800,900
03/06/2016,1400,1400,1400.0,1400,100,1000
06/06/2016,1500,1400,1400.0,1500,19100,1100
07/06/2016,1500,1300,1400.0,1300,18500,900
08/06/2016,1400,1400,1400.0,1400,7300,1100
09/06/2016,1600,1400,1500.0,1600,21800,1200
10/06/2016,1400,1400,1400.0,1400,200,1100
13/06/2016,1500,1300,1500.0,1400,17300,1100
14/06/2016,1500,1500,1500.0,1500,3900,1200
15/06/2016,1500,1500,1500.0,1500,-,1200
16/06/2016,1500,1500,1500.0,1500,7400,1200
17/06/2016,1700,1600,1600.0,1700,600,1300
20/06/2016,1700,1700,1700.0,1700,-,1300
21/06/2016,1500,1500,1500.0,1500,10200,1200
22/06/2016,1400,1300,1300.0,1300,32900,1000
23/06/2016,1400,1400,1400.0,1400,1500,1100
24/06/2016,1500,1300,1500.0,1300,5300,1000
27/06/2016,1300,1200,1300.0,1200,10000,900
28/06/2016,1300,1300,1300.0,1300,600,1000
29/06/2016,1400,1300,1400.0,1400,7600,1100
30/06/2016,1500,1400,1400.0,1500,4100,1200
01/07/2016,1500,1200,1300.0,1500,14090,1200
04/07/2016,1500,1500,1500.0,1500,100,1200
05/07/2016,1400,1300,1400.0,1400,15200,1100
06/07/2016,1400,1200,1400.0,1400,32110,1100
07/07/2016,1300,1300,1300.0,1300,700,1000
08/07/2016,1400,1400,1400.0,1400,7500,1100
11/07/2016,1300,1200,1200.0,1300,2030,1000
12/07/2016,1300,1300,,1300,10,1000
13/07/2016,1400,1300,1400.0,1400,4100,1100
14/07/2016,1400,1400,,1400,-,1100
15/07/2016,1400,1400,,1400,-,1100
18/07/2016,1400,1400,,1400,-,1100
19/07/2016,1400,1400,,1400,-,1100
20/07/2016,1400,1400,,1400,-,1100
21/07/2016,1400,1400,,1400,-,1100
22/07/2016,1200,1200,1200.0,1200,1110,900
25/07/2016,1300,1200,1200.0,1300,2530,1000
26/07/2016,1400,1400,1400.0,1400,400,1100
27/07/2016,1200,1200,,1200,100,1100
28/07/2016,1300,1300,1300.0,1300,100,1000
29/07/2016,1300,1200,1300.0,1200,400,1000
01/08/2016,1300,1300,1300.0,1300,2800,1100
02/08/2016,1300,1200,1300.0,1200,17110,1000
03/08/2016,1200,1200,1200.0,1200,1000,1000
04/08/2016,1100,1100,,1100,200,1000
05/08/2016,1200,1000,1200.0,1000,18500,800
08/08/2016,1100,900,1100.0,900,5100,800
09/08/2016,1100,900,1100.0,900,3100,800
10/08/2016,1100,900,1000.0,900,6800,800
11/08/2016,1100,1100,1100.0,1100,3000,900
12/08/2016,1200,1100,1200.0,1100,6100,900
15/08/2016,1100,1100,,1100,200,1000
16/08/2016,1000,1000,1000.0,1000,3500,800
17/08/2016,1100,1100,1100.0,1100,1700,900
18/08/2016,1200,1200,1200.0,1200,12130,1000
19/08/2016,1300,1300,1300.0,1300,7700,1100
22/08/2016,1400,1400,1400.0,1400,1800,1200
23/08/2016,1600,1600,1600.0,1600,44805,1300
24/08/2016,1800,1700,1800.0,1800,4160,1500
25/08/2016,1700,1600,1700.0,1600,600,1300
26/08/2016,1600,1400,1400.0,1400,17400,1200
29/08/2016,1500,1400,1400.0,1500,2640,1300
30/08/2016,1500,1300,1400.0,1500,11320,1300
31/08/2016,1400,1400,1400.0,1400,700,1200
01/09/2016,1400,1400,1400.0,1400,2400,1200
05/09/2016,1400,1400,,1400,-,1200
06/09/2016,1400,1300,1400.0,1300,20700,1100
07/09/2016,1300,1300,,1300,900,1200
08/09/2016,1400,1400,1400.0,1400,1320,1300
09/09/2016,1600,1500,1500.0,1600,24600,1400
12/09/2016,1800,1400,1400.0,1800,64700,1600
13/09/2016,1600,1600,1600.0,1600,23600,1400
14/09/2016,1800,1400,1800.0,1400,229000,1400
15/09/2016,1300,1200,1300.0,1200,62600,1100
16/09/2016,1300,1100,1200.0,1100,23000,1000
19/09/2016,1300,1100,1200.0,1100,8000,1000
20/09/2016,1300,1100,1100.0,1300,3200,1200
21/09/2016,1200,1200,1200.0,1200,25800,1100
22/09/2016,1100,1100,1100.0,1100,49400,1000
23/09/2016,1200,1000,1200.0,1100,43200,1000
26/09/2016,1100,1100,1100.0,1100,2500,1000
27/09/2016,1200,1000,1200.0,1000,17300,900
28/09/2016,1100,900,1100.0,1000,26000,900
29/09/2016,1000,800,1000.0,800,42100,900
30/09/2016,900,700,800.0,900,1794600,800
03/10/2016,800,800,800.0,800,100,700
04/10/2016,900,900,900.0,900,6900,800
05/10/2016,1000,900,1000.0,1000,257300,900
06/10/2016,1100,1100,1100.0,1100,13700,1000
07/10/2016,1200,1200,1200.0,1200,22400,1100
10/10/2016,1300,1100,1300.0,1100,20500,1000
11/10/2016,1100,1100,1100.0,1100,200,1000
12/10/2016,1100,1000,1000.0,1000,60200,900
13/10/2016,1000,900,900.0,900,105600,800
14/10/2016,1000,1000,1000.0,1000,18500,900
17/10/2016,1000,900,1000.0,900,16200,800
18/10/2016,1100,1000,1000.0,1100,68400,1000
19/10/2016,1200,1200,1200.0,1200,19700,1100
20/10/2016,1300,1200,1200.0,1200,45200,1100
21/10/2016,1200,1200,1200.0,1200,4900,1100
24/10/2016,1200,1200,1200.0,1200,-,1100
25/10/2016,1100,1100,1100.0,1100,5000,1000
26/10/2016,1000,1000,1000.0,1000,2100,900
27/10/2016,1000,1000,1000.0,1000,-,900
28/10/2016,1000,900,900.0,1000,3400,900
31/10/2016,1000,1000,1000.0,1000,3500,900
01/11/2016,1000,1000,1000.0,1000,3000,900
02/11/2016,1100,1100,1100.0,1100,1400,1000
03/11/2016,1100,1100,1100.0,1100,100,1000
04/11/2016,1100,1100,1100.0,1100,-,1000
07/11/2016,1200,1000,1200.0,1000,400,900
08/11/2016,1000,1000,1000.0,1000,14400,900
09/11/2016,1000,1000,1000.0,1000,-,900
10/11/2016,1000,1000,1000.0,1000,-,900
11/11/2016,1100,1000,1000.0,1100,200,1000
14/11/2016,1000,1000,1000.0,1000,4100,900
15/11/2016,1000,900,1000.0,900,1300,800
16/11/2016,900,900,900.0,900,200,800
17/11/2016,1000,900,900.0,1000,300,1000
18/11/2016,900,900,900.0,900,4400,900
21/11/2016,900,900,900.0,900,2900,900
22/11/2016,900,900,900.0,900,2850,900
23/11/2016,900,900,900.0,900,10000,900
24/11/2016,1000,900,1000.0,1000,40400,1000
25/11/2016,1000,900,1000.0,900,400,900
28/11/2016,1000,900,900.0,900,7500,900
29/11/2016,1000,800,1000.0,800,1800,800
30/11/2016,1000,800,900.0,1000,20400,1000
01/12/2016,900,800,900.0,800,3700,800
02/12/2016,900,800,900.0,800,6000,800
05/12/2016,900,900,900.0,900,19600,900
06/12/2016,1000,1000,1000.0,1000,30300,1000
07/12/2016,1000,900,900.0,1000,10800,1000
08/12/2016,1100,1000,1000.0,1100,5900,1100
09/12/2016,1000,900,1000.0,900,94000,900
12/12/2016,800,800,800.0,800,51500,800
13/12/2016,700,700,700.0,700,176300,700
14/12/2016,800,600,600.0,800,2418900,800
15/12/2016,800,800,800.0,800,1672000,800
16/12/2016,900,900,900.0,900,60410,900
19/12/2016,1000,800,1000.0,900,212300,900
20/12/2016,900,900,900.0,900,71600,900
21/12/2016,1000,900,1000.0,1000,88700,1000
22/12/2016,900,900,900.0,900,24500,900
23/12/2016,1000,800,1000.0,900,35200,900
26/12/2016,900,800,900.0,900,71400,900
27/12/2016,1000,900,1000.0,900,39600,900
28/12/2016,1000,900,900.0,1000,4900,1000
29/12/2016,1000,800,900.0,900,160300,1000
30/12/2016,900,900,900.0,900,6800,900
03/01/2017,900,800,900.0,800,46000,800
04/01/2017,800,800,800.0,800,55100,800
05/01/2017,900,900,900.0,900,100,900
06/01/2017,800,800,800.0,800,52900,800
09/01/2017,800,800,800.0,800,30000,800
10/01/2017,800,800,800.0,800,25300,800
11/01/2017,800,800,800.0,800,35500,800
12/01/2017,900,800,800.0,900,10900,800
13/01/2017,800,800,800.0,800,22800,800
16/01/2017,800,800,800.0,800,15000,800
17/01/2017,800,800,800.0,800,38400,800
18/01/2017,900,900,900.0,900,7000,900
19/01/2017,900,900,,900,-,900
20/01/2017,900,900,900.0,900,200,900
23/01/2017,800,800,800.0,800,21200,800
24/01/2017,800,800,800.0,800,16700,800
25/01/2017,800,800,,800,-,800
02/02/2017,900,800,900.0,800,2000,800
03/02/2017,900,800,800.0,800,20600,800
06/02/2017,800,800,800.0,800,36300,800
07/02/2017,900,700,700.0,900,179600,900
08/02/2017,900,800,800.0,900,481700,900
09/02/2017,800,800,800.0,800,3000,800
10/02/2017,900,800,800.0,900,10300,900
13/02/2017,900,800,900.0,800,5900,800
14/02/2017,900,800,800.0,900,22200,800
15/02/2017,900,800,800.0,900,28300,900
16/02/2017,900,800,800.0,800,60940,800
17/02/2017,800,800,800.0,800,12900,800
20/02/2017,900,800,900.0,800,5100,800
21/02/2017,800,800,800.0,800,8900,800
22/02/2017,800,700,800.0,700,77000,700
23/02/2017,800,800,800.0,800,24100,800
24/02/2017,900,800,800.0,800,50200,800
27/02/2017,900,800,800.0,900,48700,900
28/02/2017,900,800,800.0,900,28810,900
01/03/2017,800,800,,800,200,900
02/03/2017,900,800,900.0,800,2900,800
03/03/2017,900,900,900.0,900,100,900
06/03/2017,900,900,900.0,900,1000,900
07/03/2017,900,900,,900,-,900
08/03/2017,900,800,900.0,800,12700,800
09/03/2017,800,800,800.0,800,4000,800
10/03/2017,900,800,800.0,900,600,900
13/03/2017,900,800,800.0,900,73200,900
14/03/2017,900,900,900.0,900,6000,900
15/03/2017,900,900,900.0,900,5200,900
16/03/2017,900,900,900.0,900,2800,900
17/03/2017,1000,1000,1000.0,1000,900,1000
20/03/2017,1100,900,1000.0,1100,73470,1100
21/03/2017,1000,1000,1000.0,1000,1800,1000
22/03/2017,1000,900,1000.0,1000,1050,1000
23/03/2017,1000,1000,1000.0,1000,3410,1000
24/03/2017,1100,1000,1100.0,1000,500,1000
27/03/2017,1000,900,1000.0,900,3300,900
28/03/2017,1000,1000,,1000,-,1000
29/03/2017,900,900,900.0,900,13210,900
30/03/2017,1000,900,900.0,1000,800,1000
31/03/2017,900,900,900.0,900,700,900
03/04/2017,1000,1000,1000.0,1000,100,1000
04/04/2017,1000,1000,1000.0,1000,100,1000
05/04/2017,900,900,900.0,900,5700,900
07/04/2017,1000,900,1000.0,900,600,900
10/04/2017,1000,900,1000.0,1000,2100,900
11/04/2017,1100,900,1000.0,900,9900,900
12/04/2017,1000,900,1000.0,1000,2500,1000
13/04/2017,1000,1000,,1000,-,1000
14/04/2017,1000,1000,1000.0,1000,1050,1000
17/04/2017,1000,1000,,1000,-,1000
18/04/2017,1100,1000,1000.0,1100,400,1100
19/04/2017,1200,1100,1100.0,1100,17500,1100
20/04/2017,1100,1100,1100.0,1100,600,1100
21/04/2017,1000,1000,1000.0,1000,8010,1000
24/04/2017,900,900,900.0,900,3000,900
25/04/2017,900,900,900.0,900,3000,900
26/04/2017,900,900,900.0,900,3400,900
27/04/2017,900,900,,900,-,900
28/04/2017,900,900,900.0,900,400,900
03/05/2017,900,800,800.0,900,360,800
04/05/2017,900,900,900.0,900,1000,900
05/05/2017,900,900,900.0,900,500,900
08/05/2017,900,900,,900,-,900
09/05/2017,900,900,900.0,900,2400,900
10/05/2017,1000,1000,1000.0,1000,39400,1000
11/05/2017,1000,1000,1000.0,1000,58900,1000
12/05/2017,1100,1100,1100.0,1100,100,1100
15/05/2017,1100,1100,1100.0,1100,110,1100
16/05/2017,1000,1000,1000.0,1000,16000,1000
17/05/2017,1000,1000,1000.0,1000,23000,1000
18/05/2017,1100,900,1100.0,900,42800,900
19/05/2017,1000,1000,1000.0,1000,2400,1000
22/05/2017,1100,1100,1100.0,1100,200,1100
23/05/2017,1100,1100,,1100,-,1100
24/05/2017,1000,1000,1000.0,1000,2400,1000
25/05/2017,1100,1100,1100.0,1100,200,1100
26/05/2017,1100,1100,,1100,-,1100
29/05/2017,1000,1000,,1000,100,1100
30/05/2017,1000,900,900.0,900,12600,900
31/05/2017,1100,1100,,1100,600,1000
01/06/2017,1000,1000,1000.0,1000,200,1000
02/06/2017,1100,1000,1100.0,1000,1300,1000
05/06/2017,1100,1100,1100.0,1100,200,1100
06/06/2017,1100,1100,1100.0,1100,100,1100
07/06/2017,1100,1100,1100.0,1100,1900,1100
08/06/2017,1100,1100,,1100,-,1100
09/06/2017,1100,1100,,1100,-,1100
12/06/2017,1000,1000,1000.0,1000,3000,1000
13/06/2017,1000,1000,1000.0,1000,7700,1000
14/06/2017,1000,1000,1000.0,1000,1900,1000
15/06/2017,1100,1000,1000.0,1100,6100,1000
16/06/2017,1100,1100,,1100,200,1000
19/06/2017,1100,1100,,1100,-,1100
20/06/2017,1100,1000,1000.0,1100,3110,1000
21/06/2017,1100,1100,1100.0,1100,8700,1100
22/06/2017,1200,1100,1200.0,1100,4100,1100
23/06/2017,1000,1000,1000.0,1000,6100,1000
26/06/2017,1100,1100,1100.0,1100,15200,1100
27/06/2017,1200,1100,1200.0,1100,2070,1100
28/06/2017,1100,1100,,1100,-,1100
29/06/2017,1000,1000,1000.0,1000,4000,1000
30/06/2017,1100,1100,1100.0,1100,200,1100
03/07/2017,1100,1100,1100.0,1100,1500,1100
04/07/2017,1100,1100,1100.0,1100,410,1100
05/07/2017,1200,1000,1100.0,1200,5500,1200
06/07/2017,1100,1100,1100.0,1100,14129,1100
07/07/2017,1200,1100,1200.0,1100,16300,1100
10/07/2017,1100,1000,1100.0,1000,104400,1000
11/07/2017,1100,1100,1100.0,1100,100,1100
12/07/2017,1200,1100,1100.0,1200,9800,1100
13/07/2017,1100,1100,1100.0,1100,207600,1100
14/07/2017,1100,1100,1100.0,1100,12900,1100
17/07/2017,1200,1100,1100.0,1200,30710,1100
18/07/2017,1200,1200,1200.0,1200,23050,1200
19/07/2017,1200,1200,1200.0,1200,13410,1200
20/07/2017,1100,1100,1100.0,1100,19810,1100
21/07/2017,1200,1100,1100.0,1200,232840,1200
24/07/2017,1200,1200,,1200,-,1200
25/07/2017,1100,1100,1100.0,1100,8301,1100
26/07/2017,1200,1200,1200.0,1200,1800,1200
27/07/2017,1100,1100,1100.0,1100,1500,1100
28/07/2017,1200,1100,1200.0,1100,3400,1100
31/07/2017,1200,1100,1200.0,1200,9300,1200
01/08/2017,1100,1100,1100.0,1100,4000,1100
02/08/2017,1100,1100,1100.0,1100,3500,1100
03/08/2017,1100,1100,1100.0,1100,11000,1100
04/08/2017,1100,1100,,1100,-,1100
07/08/2017,1200,1200,1200.0,1200,20425,1200
08/08/2017,1300,1200,1300.0,1300,20565,1300
09/08/2017,1400,1300,1400.0,1300,3105,1300
10/08/2017,1400,1300,1300.0,1400,1000,1400
11/08/2017,1200,1200,1200.0,1200,4500,1200
14/08/2017,1200,1100,1100.0,1200,34200,1200
15/08/2017,1200,1200,1200.0,1200,200,1200
16/08/2017,1200,1200,1200.0,1200,15800,1200
17/08/2017,1100,1100,1100.0,1100,100,1100
18/08/2017,1100,1100,1100.0,1100,100,1100
21/08/2017,1200,1200,1200.0,1200,100,1200
22/08/2017,1200,1200,,1200,-,1200
23/08/2017,1100,1100,1100.0,1100,37300,1100
24/08/2017,1000,1000,1000.0,1000,2000,1000
25/08/2017,1000,1000,1000.0,1000,3200,1000
28/08/2017,1000,900,1000.0,1000,15100,1000
29/08/2017,1100,1000,1000.0,1100,39400,1100
30/08/2017,1100,1100,1100.0,1100,550,1100
31/08/2017,1100,1100,,1100,-,1100
01/09/2017,1100,1100,,1100,-,1100
05/09/2017,1000,1000,1000.0,1000,9350,1000
06/09/2017,1000,1000,1000.0,1000,600,1000
07/09/2017,1100,1100,1100.0,1100,100,1100
08/09/2017,1100,1100,,1100,-,1100
11/09/2017,1000,1000,1000.0,1000,600,1000
12/09/2017,1000,1000,,1000,-,1000
13/09/2017,1000,1000,,1000,-,1000
14/09/2017,1000,1000,,1000,-,1000
15/09/2017,1000,1000,1000.0,1000,100,1000
18/09/2017,1000,1000,1000.0,1000,4000,1000
19/09/2017,1000,1000,,1000,-,1000
20/09/2017,1100,1100,1100.0,1100,100,1100
21/09/2017,1100,1100,,1100,-,1100
22/09/2017,1000,1000,1000.0,1000,1210,1000
25/09/2017,1000,1000,1000.0,1000,1800,1000
26/09/2017,1100,1000,1100.0,1000,2500,1000
27/09/2017,1100,1100,,1100,-,1100
28/09/2017,1100,1100,,1100,-,1100
29/09/2017,1100,1000,1000.0,1100,300,1100
02/10/2017,1100,1000,1000.0,1100,1200,1100
03/10/2017,1100,1100,,1100,-,1100
04/10/2017,1100,1100,,1100,-,1100
05/10/2017,1100,1100,,1100,-,1100
06/10/2017,1000,1000,1000.0,1000,6600,1000
09/10/2017,1100,1000,1100.0,1000,25130,1000
10/10/2017,1100,1100,1100.0,1100,1700,1100
11/10/2017,1100,1100,,1100,-,1100
12/10/2017,1100,1100,1100.0,1100,4700,1100
13/10/2017,1100,1100,,1100,-,1100
16/10/2017,1100,1100,1100.0,1100,-,1100
17/10/2017,1000,1000,1000.0,1000,10000,1000
18/10/2017,1000,1000,,1000,-,1000
19/10/2017,1100,1100,1100.0,1100,100,1100
20/10/2017,1000,1000,1000.0,1000,2000,1000
23/10/2017,1000,1000,,1000,-,1000
24/10/2017,1000,1000,1000.0,1000,110,1000
25/10/2017,1000,1000,,1000,-,1000
26/10/2017,1000,1000,,1000,-,1000
27/10/2017,1000,900,1000.0,900,2700,900
30/10/2017,900,900,,900,-,900
31/10/2017,1000,1000,1000.0,1000,100,1000
01/11/2017,1000,1000,1000.0,1000,170,1000
02/11/2017,1000,1000,,1000,-,1000
03/11/2017,900,900,900.0,900,2000,900
06/11/2017,1000,1000,1000.0,1000,500,1000
07/11/2017,1000,1000,,1000,40,1000
08/11/2017,1000,1000,,1000,-,1000
09/11/2017,1000,1000,,1000,-,1000
10/11/2017,1000,1000,,1000,-,1000
13/11/2017,1000,1000,,1000,-,1000
14/11/2017,1000,1000,,1000,-,1000
15/11/2017,900,900,900.0,900,3100,900
16/11/2017,1000,900,900.0,1000,13356,1000
17/11/2017,1100,1000,1000.0,1100,99900,1100
20/11/2017,1100,1000,1100.0,1100,32300,1100
21/11/2017,1100,1100,,1100,-,1100
22/11/2017,1100,1100,1100.0,1100,240,1100
23/11/2017,1100,1100,,1100,-,1100
24/11/2017,1100,1100,,1100,1,1100
27/11/2017,1100,1100,,1100,-,1100
28/11/2017,1000,1000,1000.0,1000,300,1000
29/11/2017,1100,900,900.0,1100,5510,1000
30/11/2017,1100,1100,,1100,-,1100
01/12/2017,1100,1100,,1100,1,1100
04/12/2017,1100,1000,1100.0,1000,10100,1000
05/12/2017,1000,1000,1000.0,1000,1000,1000
06/12/2017,1000,1000,,1000,-,1000
07/12/2017,1000,1000,,1000,-,1000
08/12/2017,1000,1000,,1000,-,1000
11/12/2017,1000,1000,,1000,-,1000
12/12/2017,1000,1000,,1000,-,1000
13/12/2017,1000,900,1000.0,900,500,900
14/12/2017,900,900,900.0,900,300,900
15/12/2017,1000,1000,1000.0,1000,5020,1000
18/12/2017,1100,1100,1100.0,1100,100,1100
19/12/2017,1000,1000,1000.0,1000,2600,1000
20/12/2017,1100,1000,1000.0,1100,21200,1100
21/12/2017,1000,1000,1000.0,1000,100,1000
22/12/2017,1000,1000,,1000,-,1000
25/12/2017,1000,1000,,1000,-,1000
26/12/2017,1000,1000,1000.0,1000,-,1000
27/12/2017,1100,1100,1100.0,1100,100,1100
28/12/2017,1100,1000,1000.0,1100,35010,1100
29/12/2017,1000,1000,,1000,-,1000
02/01/2018,1000,1000,,1000,-,1000
03/01/2018,1000,1000,,1000,-,1000
04/01/2018,1100,1000,1000.0,1100,300,1100
05/01/2018,1100,1100,1100.0,1100,400,1100
08/01/2018,1100,1100,1100.0,1100,1300,1100
09/01/2018,1100,1100,1100.0,1100,100,1100
10/01/2018,1100,1000,1000.0,1100,200,1100
11/01/2018,1100,1100,,1100,-,1100
12/01/2018,1100,1100,,1100,-,1100
15/01/2018,1100,1100,,1100,-,1100
16/01/2018,1100,1100,,1100,-,1100
17/01/2018,1000,1000,1000.0,1000,9900,1000
18/01/2018,1100,1100,1100.0,1100,10100,1100
19/01/2018,1100,1100,,1100,-,1100
22/01/2018,1100,1100,,1100,17,1100
23/01/2018,1100,1100,,1100,-,1100
24/01/2018,1000,1000,1000.0,1000,1000,1000
25/01/2018,1100,1100,1100.0,1100,100,1100
26/01/2018,1100,1100,1100.0,1100,-,1100
29/01/2018,1100,1100,,1100,-,1100
30/01/2018,1100,1100,,1100,-,1100
31/01/2018,1100,1100,,1100,-,1100
01/02/2018,1000,1000,1000.0,1000,2000,1000
02/02/2018,1100,900,1100.0,1100,1100,1100
05/02/2018,1000,900,900.0,900,4400,900
06/02/2018,1000,1000,1000.0,1000,100,1000
07/02/2018,1000,900,900.0,1000,114700,1000
08/02/2018,1000,1000,1000.0,1000,-,1000
09/02/2018,1000,1000,,1000,-,-
12/02/2018,1000,1000,1000.0,1000,600,1000
13/02/2018,1000,1000,,1000,-,-
21/02/2018,1000,900,1000.0,900,1500,900
22/02/2018,1000,800,1000.0,800,10900,800
23/02/2018,900,900,900.0,900,1200,900
26/02/2018,1000,1000,1000.0,1000,100,1000
27/02/2018,1000,1000,,1000,-,1000
28/02/2018,1000,1000,,1000,-,-
01/03/2018,1000,1000,,1000,-,1000
02/03/2018,1000,1000,1000.0,1000,-,1000
05/03/2018,1000,1000,,1000,-,1000
06/03/2018,1000,1000,,1000,-,1000
07/03/2018,1000,1000,1000.0,1000,100,1000
08/03/2018,1000,1000,,1000,-,1000
09/03/2018,1000,1000,1000.0,1000,400,1000
12/03/2018,1000,1000,1000.0,1000,19000,1000
13/03/2018,1000,1000,,1000,-,1000
14/03/2018,1000,900,900.0,1000,4800,1000
15/03/2018,1000,900,1000.0,1000,6737,1000
16/03/2018,1100,1100,1100.0,1100,8000,1100
19/03/2018,1100,1100,,1100,-,1100
20/03/2018,1100,1100,,1100,-,1100
21/03/2018,1100,1100,,1100,-,1100
22/03/2018,1100,1100,,1100,-,1100
23/03/2018,1100,1100,,1100,-,1100
26/03/2018,1100,1100,1100.0,1100,600,1100
27/03/2018,1100,1100,,1100,-,1100
28/03/2018,1100,1100,,1100,-,1100
29/03/2018,1100,1100,1100.0,1100,-,1100
30/03/2018,1000,1000,1000.0,1000,5600,1000
02/04/2018,1000,900,900.0,1000,8900,1000
03/04/2018,1000,1000,,1000,-,1000
04/04/2018,1000,1000,,1000,-,1000
05/04/2018,1000,1000,,1000,-,1000
06/04/2018,1000,900,900.0,900,78400,900
09/04/2018,1000,1000,,1000,-,1000
10/04/2018,1000,1000,,1000,-,1000
11/04/2018,1000,1000,,1000,-,1000
12/04/2018,1000,1000,,1000,-,1000
13/04/2018,1000,1000,,1000,-,1000
16/04/2018,1000,1000,,1000,-,1000
17/04/2018,1000,1000,1000.0,1000,-,1000
18/04/2018,1000,1000,,1000,-,1000
19/04/2018,1000,1000,,1000,-,1000
20/04/2018,1000,1000,,1000,-,1000
23/04/2018,1000,1000,,1000,-,1000
24/04/2018,1000,1000,,1000,-,1000
26/04/2018,1000,1000,,1000,-,1000
27/04/2018,1000,1000,,1000,-,1000
02/05/2018,1000,1000,,1000,-,1000
03/05/2018,1000,1000,,1000,-,1000
04/05/2018,1100,900,900.0,1100,127210,1100
07/05/2018,900,900,,900,-,900
08/05/2018,900,900,,900,-,900
09/05/2018,900,900,,900,-,900
10/05/2018,900,900,,900,-,900
11/05/2018,900,800,900.0,900,8500,900
14/05/2018,900,900,,900,-,900
15/05/2018,900,900,,900,-,900
16/05/2018,900,900,,900,-,900
17/05/2018,900,900,,900,-,900
18/05/2018,1000,1000,1000.0,1000,22400,1000
21/05/2018,1000,1000,,1000,-,1000
22/05/2018,1000,1000,,1000,-,1000
23/05/2018,1000,1000,,1000,-,1000
24/05/2018,1000,1000,,1000,-,1000
25/05/2018,1100,1000,1100.0,1100,45300,1100
28/05/2018,1100,1100,,1100,-,1100
29/05/2018,1100,1100,,1100,-,1100
30/05/2018,1100,1100,,1100,-,1100
31/05/2018,1100,1100,,1100,-,1100
01/06/2018,1200,1200,1200.0,1200,100,1200
04/06/2018,1200,1200,,1200,-,1200
05/06/2018,1200,1200,,1200,-,1200
06/06/2018,1200,1200,,1200,-,1200
07/06/2018,1200,1200,1200.0,1200,-,1200
08/06/2018,1200,1200,,1200,-,1200
11/06/2018,1200,1200,,1200,-,1200
12/06/2018,1200,1200,1200.0,1200,-,1200
13/06/2018,1200,1200,,1200,-,1200
14/06/2018,1200,1200,,1200,-,1200
15/06/2018,1200,1200,1200.0,1200,-,1200
18/06/2018,1200,1200,1200.0,1200,-,1200
19/06/2018,1200,1200,,1200,-,1200
20/06/2018,1200,1200,,1200,-,1200
21/06/2018,1200,1200,,1200,-,1200
22/06/2018,1200,1200,,1200,-,1200
25/06/2018,1200,1200,1200.0,1200,-,1200
26/06/2018,1200,1200,,1200,-,1200
27/06/2018,1200,1200,,1200,-,1200
28/06/2018,1200,1200,1200.0,1200,-,1200
29/06/2018,1200,1200,,1200,-,1200
02/07/2018,1200,1200,,1200,-,1200
03/07/2018,1200,1200,1200.0,1200,-,1200
04/07/2018,1200,1200,,1200,-,1200
05/07/2018,1200,1200,,1200,-,1200
06/07/2018,1300,1300,1300.0,1300,100,1300
09/07/2018,1300,1300,,1300,-,1300
10/07/2018,1300,1300,,1300,-,1300
11/07/2018,1300,1300,,1300,-,1300
12/07/2018,1300,1300,1300.0,1300,-,1300
13/07/2018,1300,1300,,1300,-,1300
16/07/2018,1300,1300,,1300,-,1300
17/07/2018,1300,1300,,1300,-,1300
18/07/2018,1300,1300,,1300,-,1300
19/07/2018,1300,1300,1300.0,1300,-,1300
20/07/2018,1300,1200,1200.0,1300,30900,1300
23/07/2018,1300,1300,,1300,-,1300
24/07/2018,1300,1300,,1300,-,1300
25/07/2018,1300,1300,,1300,-,1300
26/07/2018,1300,1300,1300.0,1300,-,1300
27/07/2018,1300,1300,1300.0,1300,39900,1300
30/07/2018,1300,1300,,1300,-,1300
31/07/2018,1300,1300,,1300,-,1300
01/08/2018,1300,1300,,1300,-,1300
02/08/2018,1300,1300,,1300,-,1300
03/08/2018,1400,1200,1400.0,1200,5100,1200
06/08/2018,1200,1200,1200.0,1200,-,1200
07/08/2018,1200,1200,,1200,-,1200
08/08/2018,1200,1200,,1200,-,1200
09/08/2018,1200,1200,,1200,-,1200
10/08/2018,1200,1200,,1200,-,1200
13/08/2018,1200,1200,,1200,-,1200
14/08/2018,1200,1200,,1200,-,1200
15/08/2018,1200,1200,,1200,-,1200
16/08/2018,1200,1200,1200.0,1200,-,1200
17/08/2018,1100,1100,1100.0,1100,449400,1100
20/08/2018,1100,1100,,1100,-,1100
21/08/2018,1100,1100,1100.0,1100,-,1100
22/08/2018,1100,1100,,1100,-,1100
23/08/2018,1100,1100,,1100,-,1100
24/08/2018,1100,1100,,1100,-,1100
27/08/2018,1100,1100,,1100,-,1100
28/08/2018,1100,1100,,1100,-,1100
29/08/2018,1100,1100,,1100,-,1100
30/08/2018,1100,1100,,1100,-,1100
31/08/2018,1100,1100,,1100,-,1100
04/09/2018,1100,1100,1100.0,1100,-,1100
05/09/2018,1100,1100,,1100,-,1100
06/09/2018,1100,1100,,1100,-,1100
07/09/2018,1100,1100,,1100,-,1100
10/09/2018,1100,1100,,1100,-,1100
11/09/2018,1100,1100,,1100,-,1100
12/09/2018,1100,1100,,1100,-,1100
13/09/2018,1100,1100,,1100,-,1100
14/09/2018,1100,1100,1100.0,1100,9000,1100
17/09/2018,1100,1100,,1100,-,1100
18/09/2018,1100,1100,,1100,-,1100
19/09/2018,1100,1100,,1100,-,1100
20/09/2018,1100,1100,,1100,-,1100
21/09/2018,1100,1100,,1100,-,1100
24/09/2018,1100,1100,,1100,-,1100
25/09/2018,1100,1100,,1100,-,1100
26/09/2018,1100,1100,,1100,-,1100
27/09/2018,1100,1100,,1100,-,1100
28/09/2018,1000,1000,1000.0,1000,500,1000
01/10/2018,1000,1000,,1000,-,1000
02/10/2018,1000,1000,,1000,-,1000
03/10/2018,1000,1000,,1000,-,1000
04/10/2018,1000,1000,,1000,-,1000
05/10/2018,1000,1000,,1000,-,1000
08/10/2018,1000,1000,,1000,-,1000
09/10/2018,1000,1000,,1000,-,1000
10/10/2018,1000,1000,,1000,-,1000
11/10/2018,1000,1000,,1000,-,1000
12/10/2018,1000,1000,,1000,-,1000
15/10/2018,1000,1000,,1000,-,1000
16/10/2018,1000,1000,,1000,-,1000
17/10/2018,1000,1000,,1000,-,1000
18/10/2018,1000,1000,,1000,-,1000
19/10/2018,1000,1000,,1000,-,1000
22/10/2018,1000,1000,,1000,-,1000
23/10/2018,1000,1000,,1000,-,1000
24/10/2018,1000,1000,1000.0,1000,-,1000
25/10/2018,1000,1000,1000.0,1000,-,1000
26/10/2018,1000,1000,1000.0,1000,-,1000
29/10/2018,1000,1000,1000.0,1000,-,1000
30/10/2018,1000,1000,1000.0,1000,-,1000
31/10/2018,1000,1000,1000.0,1000,-,1000
01/11/2018,1000,1000,1000.0,1000,-,1000
02/11/2018,1000,1000,,1000,-,1000
05/11/2018,1000,1000,1000.0,1000,-,1000
06/11/2018,1000,1000,1000.0,1000,-,1000
07/11/2018,1000,1000,1000.0,1000,-,1000
08/11/2018,1000,1000,1000.0,1000,-,1000
09/11/2018,1000,1000,1000.0,1000,-,1000
12/11/2018,1000,1000,1000.0,1000,-,1000
13/11/2018,1000,1000,1000.0,1000,-,1000
14/11/2018,1000,1000,1000.0,1000,-,1000
15/11/2018,1000,1000,1000.0,1000,-,1000
16/11/2018,1000,1000,1000.0,1000,21600,1000
19/11/2018,1000,1000,1000.0,1000,-,1000
20/11/2018,1000,1000,1000.0,1000,-,1000
21/11/2018,1000,1000,1000.0,1000,-,1000
22/11/2018,1000,1000,1000.0,1000,-,1000
23/11/2018,900,900,900.0,900,4000,900
26/11/2018,900,900,900.0,900,-,900
27/11/2018,900,900,900.0,900,-,900
28/11/2018,900,900,900.0,900,-,900
29/11/2018,900,900,900.0,900,-,900
30/11/2018,900,900,900.0,900,-,900
03/12/2018,900,900,900.0,900,-,900
04/12/2018,900,900,900.0,900,-,900
05/12/2018,900,900,900.0,900,-,900
06/12/2018,900,900,900.0,900,-,900
07/12/2018,900,900,900.0,900,-,900
10/12/2018,900,900,900.0,900,-,900
11/12/2018,900,900,900.0,900,-,900
12/12/2018,900,900,900.0,900,-,900
13/12/2018,900,900,900.0,900,-,900
14/12/2018,900,900,900.0,900,-,900
17/12/2018,900,900,900.0,900,-,900
18/12/2018,900,900,900.0,900,-,900
19/12/2018,900,900,900.0,900,-,900
20/12/2018,900,900,900.0,900,-,900
21/12/2018,900,900,900.0,900,-,900
24/12/2018,900,900,900.0,900,-,900
25/12/2018,900,900,900.0,900,-,900
26/12/2018,900,900,900.0,900,-,900
27/12/2018,900,900,900.0,900,-,900
28/12/2018,900,900,900.0,900,-,900
02/01/2019,900,900,900.0,900,-,900
03/01/2019,900,900,900.0,900,-,900
04/01/2019,900,900,900.0,900,-,900
07/01/2019,900,900,900.0,900,-,900
08/01/2019,900,900,900.0,900,-,900
09/01/2019,900,900,900.0,900,-,900
10/01/2019,900,900,900.0,900,-,900
11/01/2019,900,900,900.0,900,-,900
14/01/2019,900,900,900.0,900,-,900
15/01/2019,900,900,900.0,900,-,900
16/01/2019,900,900,900.0,900,-,900
17/01/2019,900,900,900.0,900,-,900
18/01/2019,900,900,900.0,900,-,900
21/01/2019,900,900,900.0,900,-,900
22/01/2019,900,900,900.0,900,-,900
23/01/2019,900,900,900.0,900,-,900
24/01/2019,900,900,900.0,900,-,900
25/01/2019,900,900,900.0,900,-,900
28/01/2019,900,900,900.0,900,-,900
29/01/2019,900,900,900.0,900,-,900
30/01/2019,900,900,900.0,900,-,900
31/01/2019,900,900,900.0,900,-,900
01/02/2019,900,900,900.0,900,-,900
11/02/2019,900,900,900.0,900,-,900
12/02/2019,900,900,900.0,900,-,900
13/02/2019,900,900,900.0,900,-,900
14/02/2019,900,900,900.0,900,-,900
15/02/2019,900,900,900.0,900,-,900
18/02/2019,900,900,900.0,900,-,900
19/02/2019,900,900,900.0,900,-,900
20/02/2019,900,900,900.0,900,-,900
21/02/2019,900,900,900.0,900,-,900
22/02/2019,900,900,900.0,900,-,900
25/02/2019,900,900,900.0,900,-,900
26/02/2019,900,900,900.0,900,-,900
27/02/2019,900,900,900.0,900,-,900
28/02/2019,900,900,900.0,900,-,900
01/03/2019,900,900,900.0,900,-,900
04/03/2019,900,900,900.0,900,-,900
05/03/2019,900,900,900.0,900,-,900
06/03/2019,900,900,900.0,900,-,900
07/03/2019,900,900,900.0,900,-,900
08/03/2019,900,900,900.0,900,-,900
11/03/2019,900,900,900.0,900,-,900
12/03/2019,900,900,900.0,900,-,900
13/03/2019,900,900,900.0,900,-,900
14/03/2019,900,900,900.0,900,-,900
15/03/2019,900,900,900.0,900,-,900
18/03/2019,900,900,900.0,900,-,900
19/03/2019,900,900,900.0,900,-,900
20/03/2019,900,900,900.0,900,-,900
21/03/2019,900,900,900.0,900,-,900
22/03/2019,900,900,900.0,900,-,900
25/03/2019,900,900,900.0,900,-,900
26/03/2019,900,900,900.0,900,-,900
27/03/2019,900,900,900.0,900,-,900
28/03/2019,900,900,900.0,900,-,900
29/03/2019,900,900,900.0,900,-,900
01/04/2019,900,900,900.0,900,-,900
02/04/2019,900,900,900.0,900,-,900
03/04/2019,900,900,900.0,900,-,900
04/04/2019,900,900,900.0,900,-,900
05/04/2019,900,900,900.0,900,-,900
08/04/2019,900,900,900.0,900,-,900
09/04/2019,900,900,900.0,900,-,900
10/04/2019,900,900,900.0,900,-,900
11/04/2019,900,900,900.0,900,-,900
12/04/2019,900,900,900.0,900,-,900
16/04/2019,900,900,900.0,900,-,900
17/04/2019,900,900,900.0,900,-,900
18/04/2019,900,900,900.0,900,-,900
19/04/2019,900,900,900.0,900,-,900
22/04/2019,900,900,900.0,900,-,900
23/04/2019,900,900,900.0,900,-,900
24/04/2019,900,900,900.0,900,-,900
25/04/2019,900,900,900.0,900,-,900
26/04/2019,900,900,900.0,900,-,900
02/05/2019,900,900,900.0,900,-,900
03/05/2019,900,900,900.0,900,-,900
06/05/2019,900,900,900.0,900,-,900
07/05/2019,900,900,900.0,900,-,900
08/05/2019,900,900,900.0,900,-,900
09/05/2019,900,900,900.0,900,-,900
10/05/2019,900,900,900.0,900,-,900
13/05/2019,900,900,900.0,900,-,900
14/05/2019,900,900,900.0,900,-,900
15/05/2019,900,900,900.0,900,-,900
16/05/2019,900,900,900.0,900,-,900
17/05/2019,900,900,900.0,900,-,900
20/05/2019,900,900,900.0,900,-,900
21/05/2019,900,900,900.0,900,-,900
22/05/2019,900,900,900.0,900,-,900
23/05/2019,900,900,900.0,900,-,900
24/05/2019,900,900,900.0,900,-,900
27/05/2019,900,900,900.0,900,-,900
28/05/2019,900,900,900.0,900,-,900
29/05/2019,900,900,900.0,900,-,900
30/05/2019,900,900,900.0,900,-,900
31/05/2019,900,900,900.0,900,-,900
03/06/2019,900,900,900.0,900,-,900
04/06/2019,900,900,900.0,900,-,900
05/06/2019,900,900,900.0,900,-,900
06/06/2019,900,900,900.0,900,-,900
07/06/2019,900,900,900.0,900,-,900
10/06/2019,900,900,900.0,900,-,900
11/06/2019,900,900,900.0,900,-,900
12/06/2019,900,900,900.0,900,-,900
13/06/2019,900,900,900.0,900,-,900
14/06/2019,900,900,900.0,900,-,900
17/06/2019,900,900,900.0,900,-,900
18/06/2019,900,900,900.0,900,-,900
19/06/2019,900,900,900.0,900,-,900
20/06/2019,900,900,900.0,900,-,900
21/06/2019,900,900,900.0,900,-,900
24/06/2019,900,900,900.0,900,-,900
25/06/2019,900,900,900.0,900,-,900
26/06/2019,900,900,900.0,900,-,900
27/06/2019,900,900,900.0,900,-,900
28/06/2019,900,900,900.0,900,-,900
01/07/2019,900,900,900.0,900,-,900
02/07/2019,900,900,900.0,900,-,900
03/07/2019,900,900,900.0,900,-,900
04/07/2019,900,900,900.0,900,-,900
05/07/2019,900,900,900.0,900,-,900
08/07/2019,900,900,900.0,900,-,900
09/07/2019,900,900,900.0,900,-,900
10/07/2019,900,900,900.0,900,-,900
11/07/2019,900,900,900.0,900,-,900
12/07/2019,900,900,900.0,900,-,900
15/07/2019,900,900,900.0,900,-,900
16/07/2019,900,900,900.0,900,-,900
17/07/2019,900,900,900.0,900,-,900
18/07/2019,900,900,900.0,900,-,900
19/07/2019,900,900,900.0,900,-,900
22/07/2019,900,900,900.0,900,-,900
23/07/2019,900,900,900.0,900,-,900
24/07/2019,900,900,900.0,900,-,900
25/07/2019,900,900,900.0,900,-,900
26/07/2019,900,900,900.0,900,-,900
29/07/2019,900,900,900.0,900,-,900
30/07/2019,900,900,900.0,900,-,900
31/07/2019,900,900,900.0,900,-,900
01/08/2019,900,900,900.0,900,-,900
02/08/2019,900,900,900.0,900,-,900
05/08/2019,900,900,900.0,900,-,900
06/08/2019,900,900,900.0,900,-,900
07/08/2019,900,900,900.0,900,-,900
08/08/2019,900,900,900.0,900,-,900
09/08/2019,900,900,900.0,900,-,900
12/08/2019,900,900,900.0,900,-,900
13/08/2019,900,900,900.0,900,-,900
14/08/2019,900,900,900.0,900,-,900
15/08/2019,900,900,900.0,900,-,900
16/08/2019,900,900,900.0,900,-,900
19/08/2019,900,900,900.0,900,-,900
20/08/2019,900,900,900.0,900,-,900
21/08/2019,900,900,900.0,900,-,900
22/08/2019,900,900,900.0,900,-,900
23/08/2019,900,900,900.0,900,-,900
26/08/2019,900,900,900.0,900,-,900
27/08/2019,900,900,900.0,900,-,900
28/08/2019,900,900,900.0,900,-,900
29/08/2019,900,900,900.0,900,-,900
30/08/2019,900,900,900.0,900,-,900
03/09/2019,900,900,900.0,900,-,900
04/09/2019,900,900,900.0,900,-,900
05/09/2019,900,900,900.0,900,-,900
06/09/2019,900,900,900.0,900,-,900
09/09/2019,900,900,900.0,900,-,900
10/09/2019,900,900,900.0,900,-,900
11/09/2019,900,900,900.0,900,-,900
12/09/2019,900,900,900.0,900,-,900
13/09/2019,900,900,900.0,900,-,900
16/09/2019,900,900,900.0,900,-,900
17/09/2019,900,900,900.0,900,-,900
18/09/2019,900,900,900.0,900,-,900
19/09/2019,900,900,900.0,900,-,900
20/09/2019,900,900,900.0,900,-,900
23/09/2019,900,900,900.0,900,-,900
24/09/2019,900,900,900.0,900,-,900
25/09/2019,900,900,900.0,900,-,900
26/09/2019,900,900,900.0,900,-,900
27/09/2019,900,900,900.0,900,-,900
30/09/2019,900,900,900.0,900,-,900
01/10/2019,900,900,900.0,900,-,900
02/10/2019,900,900,900.0,900,-,900
03/10/2019,900,900,900.0,900,-,900
04/10/2019,900,900,900.0,900,-,900
07/10/2019,900,900,900.0,900,-,900
08/10/2019,900,900,900.0,900,-,900
09/10/2019,900,900,900.0,900,-,900
10/10/2019,900,900,900.0,900,-,900
11/10/2019,900,900,900.0,900,-,900
14/10/2019,900,900,900.0,900,-,900
15/10/2019,900,900,900.0,900,-,900
16/10/2019,900,900,900.0,900,-,900
17/10/2019,900,900,900.0,900,-,900
18/10/2019,900,900,900.0,900,-,900
21/10/2019,900,900,900.0,900,-,900
22/10/2019,900,900,900.0,900,-,900
23/10/2019,900,900,900.0,900,-,900
24/10/2019,900,900,900.0,900,-,900
25/10/2019,600,600,600.0,600,100,600
28/10/2019,600,600,600.0,600,-,600
29/10/2019,600,600,600.0,600,-,600
30/10/2019,600,600,600.0,600,-,600
31/10/2019,600,600,600.0,600,-,600
01/11/2019,600,600,600.0,600,-,600
04/11/2019,600,600,600.0,600,-,600
05/11/2019,600,600,600.0,600,-,600
06/11/2019,600,600,600.0,600,-,600
07/11/2019,600,600,600.0,600,-,600
08/11/2019,600,600,600.0,600,-,600
11/11/2019,600,600,600.0,600,-,600
12/11/2019,600,600,600.0,600,-,600
13/11/2019,600,600,600.0,600,-,600
14/11/2019,600,600,600.0,600,-,600
15/11/2019,600,600,600.0,600,-,600
18/11/2019,600,600,600.0,600,-,600
19/11/2019,600,600,600.0,600,-,600
20/11/2019,600,600,600.0,600,-,600
21/11/2019,600,600,600.0,600,-,600
22/11/2019,600,600,600.0,600,-,600
25/11/2019,600,600,600.0,600,-,600
26/11/2019,600,600,600.0,600,-,600
27/11/2019,600,600,600.0,600,-,600
28/11/2019,600,600,600.0,600,-,600
29/11/2019,600,600,600.0,600,-,600
02/12/2019,600,600,600.0,600,-,600
03/12/2019,600,600,600.0,600,-,600
04/12/2019,600,600,600.0,600,-,600
05/12/2019,600,600,600.0,600,-,600
06/12/2019,600,600,600.0,600,-,600
09/12/2019,600,600,600.0,600,-,600
10/12/2019,600,600,600.0,600,-,600
11/12/2019,600,600,600.0,600,-,600
12/12/2019,600,600,600.0,600,-,600
13/12/2019,600,600,600.0,600,-,600
16/12/2019,600,600,600.0,600,-,600
17/12/2019,600,600,600.0,600,-,600
18/12/2019,600,600,600.0,600,-,600
19/12/2019,600,600,600.0,600,-,600
20/12/2019,600,600,600.0,600,-,600
23/12/2019,600,600,600.0,600,-,600
24/12/2019,600,600,600.0,600,-,600
25/12/2019,600,600,600.0,600,-,600
26/12/2019,600,600,600.0,600,-,600
27/12/2019,600,600,600.0,600,-,600
30/12/2019,600,600,600.0,600,-,600
31/12/2019,600,600,600.0,600,-,600
02/01/2020,600,600,600.0,600,-,600
03/01/2020,600,600,600.0,600,-,600
06/01/2020,600,600,600.0,600,-,600
07/01/2020,600,600,600.0,600,-,600
08/01/2020,600,600,600.0,600,-,600
09/01/2020,600,600,600.0,600,-,600
10/01/2020,600,600,600.0,600,-,600
13/01/2020,600,600,600.0,600,-,600
14/01/2020,600,600,600.0,600,-,600
15/01/2020,600,600,600.0,600,-,600
16/01/2020,600,600,600.0,600,-,600
17/01/2020,600,600,600.0,600,-,600
20/01/2020,600,600,600.0,600,-,600
21/01/2020,600,600,600.0,600,-,600
22/01/2020,600,600,600.0,600,-,600
30/01/2020,600,600,600.0,600,-,600
31/01/2020,600,600,600.0,600,-,600
03/02/2020,600,600,600.0,600,-,600
04/02/2020,600,600,600.0,600,-,600
05/02/2020,600,600,600.0,600,-,600
06/02/2020,600,600,600.0,600,-,600
07/02/2020,600,600,600.0,600,-,600
10/02/2020,600,600,600.0,600,-,600
11/02/2020,600,600,600.0,600,-,600
12/02/2020,600,600,600.0,600,-,600
13/02/2020,600,600,600.0,600,-,600
14/02/2020,600,600,600.0,600,-,600
17/02/2020,600,600,600.0,600,-,600
18/02/2020,600,600,600.0,600,-,600
19/02/2020,600,600,600.0,600,-,600
20/02/2020,600,600,600.0,600,-,600
21/02/2020,600,600,600.0,600,-,600
24/02/2020,600,600,600.0,600,-,600
25/02/2020,600,600,600.0,600,-,600
26/02/2020,600,600,600.0,600,-,600
27/02/2020,600,600,600.0,600,-,600
28/02/2020,600,600,600.0,600,-,600
02/03/2020,600,600,600.0,600,-,600
03/03/2020,600,600,600.0,600,-,600
04/03/2020,600,600,600.0,600,-,600
05/03/2020,600,600,600.0,600,-,600
06/03/2020,600,600,600.0,600,-,600
09/03/2020,600,600,600.0,600,-,600
10/03/2020,600,600,600.0,600,-,600
11/03/2020,600,600,600.0,600,-,600
12/03/2020,600,600,600.0,600,-,600
13/03/2020,600,600,600.0,600,-,600
16/03/2020,600,600,600.0,600,-,600
17/03/2020,600,600,600.0,600,-,600
18/03/2020,600,600,600.0,600,-,600
19/03/2020,600,600,600.0,600,-,600
20/03/2020,600,600,600.0,600,-,600
23/03/2020,600,600,600.0,600,-,600
24/03/2020,600,600,600.0,600,-,600
25/03/2020,600,600,600.0,600,-,600
26/03/2020,600,600,600.0,600,-,600
27/03/2020,600,600,600.0,600,-,600
30/03/2020,600,600,600.0,600,-,600
31/03/2020,600,600,600.0,600,-,600
01/04/2020,600,600,600.0,600,-,600
03/04/2020,600,600,600.0,600,-,600
06/04/2020,600,600,600.0,600,-,600
07/04/2020,600,600,600.0,600,-,600
08/04/2020,600,600,600.0,600,-,600
09/04/2020,600,600,600.0,600,-,600
10/04/2020,600,600,600.0,600,-,600
13/04/2020,600,600,600.0,600,-,600
14/04/2020,600,600,600.0,600,-,600
15/04/2020,600,600,600.0,600,-,600
16/04/2020,600,600,600.0,600,-,600
17/04/2020,600,600,600.0,600,-,600
20/04/2020,600,600,600.0,600,-,600
21/04/2020,600,600,600.0,600,-,600
22/04/2020,600,600,600.0,600,-,600
23/04/2020,600,600,600.0,600,-,600
24/04/2020,600,600,600.0,600,-,600
27/04/2020,600,600,600.0,600,-,600
28/04/2020,600,600,600.0,600,-,600
29/04/2020,600,600,600.0,600,-,600
04/05/2020,600,600,600.0,600,-,600
05/05/2020,600,600,600.0,600,-,600
06/05/2020,600,600,600.0,600,-,600
07/05/2020,600,600,600.0,600,-,600
08/05/2020,600,600,600.0,600,-,600
11/05/2020,600,600,600.0,600,-,600
12/05/2020,600,600,600.0,600,-,600
13/05/2020,600,600,600.0,600,-,600
14/05/2020,600,600,600.0,600,-,600
15/05/2020,600,600,600.0,600,-,600
18/05/2020,600,600,600.0,600,-,600
19/05/2020,600,600,600.0,600,-,600
20/05/2020,600,600,600.0,600,-,600
21/05/2020,600,600,600.0,600,-,600
22/05/2020,600,600,600.0,600,-,600
25/05/2020,600,600,600.0,600,-,600
26/05/2020,600,600,600.0,600,-,600
27/05/2020,600,600,600.0,600,-,600
28/05/2020,600,600,600.0,600,-,600
29/05/2020,600,600,600.0,600,-,600
01/06/2020,600,600,600.0,600,-,600
02/06/2020,600,600,600.0,600,-,600
03/06/2020,600,600,600.0,600,-,600
04/06/2020,600,600,600.0,600,-,600
05/06/2020,600,600,600.0,600,-,600
08/06/2020,600,600,600.0,600,-,600
09/06/2020,600,600,600.0,600,-,600
10/06/2020,600,600,600.0,600,-,600
11/06/2020,600,600,600.0,600,-,600
12/06/2020,600,600,600.0,600,-,600
15/06/2020,600,600,600.0,600,-,600
16/06/2020,600,600,600.0,600,-,600
17/06/2020,600,600,600.0,600,-,600
18/06/2020,600,600,600.0,600,-,600
19/06/2020,600,600,600.0,600,-,600
22/06/2020,600,600,600.0,600,-,600
23/06/2020,600,600,600.0,600,-,600
24/06/2020,600,600,600.0,600,-,600
25/06/2020,600,600,600.0,600,-,600
26/06/2020,600,600,600.0,600,-,600
29/06/2020,600,600,600.0,600,-,600
30/06/2020,600,600,600.0,600,-,600
01/07/2020,600,600,600.0,600,-,600
02/07/2020,600,600,600.0,600,-,600
03/07/2020,600,600,600.0,600,-,600
06/07/2020,600,600,600.0,600,-,600
07/07/2020,600,600,600.0,600,-,600
08/07/2020,600,600,600.0,600,-,600
09/07/2020,600,600,600.0,600,-,600
10/07/2020,600,600,600.0,600,-,600
13/07/2020,600,600,600.0,600,-,600
14/07/2020,600,600,600.0,600,-,600
15/07/2020,600,600,600.0,600,-,600
16/07/2020,600,600,600.0,600,-,600
17/07/2020,600,600,600.0,600,-,600
20/07/2020,600,600,600.0,600,-,600
21/07/2020,600,600,600.0,600,-,600
22/07/2020,600,600,600.0,600,-,600
23/07/2020,600,600,600.0,600,-,600
24/07/2020,600,600,600.0,600,-,600
27/07/2020,600,600,600.0,600,-,600
28/07/2020,600,600,600.0,600,-,600
29/07/2020,600,600,600.0,600,-,600
30/07/2020,600,600,600.0,600,-,600
31/07/2020,600,600,600.0,600,-,600
03/08/2020,600,600,600.0,600,-,600
04/08/2020,600,600,600.0,600,-,600
05/08/2020,600,600,600.0,600,-,600
06/08/2020,600,600,600.0,600,-,600
07/08/2020,800,800,800.0,800,26000,800
10/08/2020,800,800,800.0,800,-,800
11/08/2020,800,800,800.0,800,-,800
12/08/2020,800,800,800.0,800,-,800
13/08/2020,800,800,800.0,800,-,800
14/08/2020,800,800,800.0,800,-,800
17/08/2020,800,800,800.0,800,-,800
18/08/2020,800,800,800.0,800,-,800
19/08/2020,800,800,800.0,800,-,800
20/08/2020,800,800,800.0,800,-,800
21/08/2020,800,800,800.0,800,-,800
24/08/2020,800,800,800.0,800,-,800
25/08/2020,800,800,800.0,800,-,800
26/08/2020,800,800,800.0,800,-,800
27/08/2020,800,800,800.0,800,-,800
28/08/2020,800,800,800.0,800,1,800
31/08/2020,800,800,800.0,800,-,800
01/09/2020,800,800,800.0,800,-,800
03/09/2020,800,800,800.0,800,-,800
04/09/2020,800,800,800.0,800,-,800
07/09/2020,800,800,800.0,800,-,800
08/09/2020,800,800,800.0,800,-,800
09/09/2020,800,800,800.0,800,-,800
10/09/2020,800,800,800.0,800,-,800
11/09/2020,800,800,800.0,800,-,800
14/09/2020,800,800,800.0,800,-,800
15/09/2020,800,800,800.0,800,-,800
16/09/2020,800,800,800.0,800,-,800
17/09/2020,800,800,800.0,800,-,800
18/09/2020,800,800,800.0,800,600,800
21/09/2020,800,800,800.0,800,-,800
22/09/2020,800,800,800.0,800,-,800
23/09/2020,800,800,800.0,800,-,800
24/09/2020,800,800,800.0,800,-,800
25/09/2020,800,800,800.0,800,1000,800
28/09/2020,800,800,800.0,800,-,800
29/09/2020,800,800,800.0,800,-,800
30/09/2020,800,800,800.0,800,-,800
01/10/2020,800,800,800.0,800,-,800
02/10/2020,900,900,900.0,900,1000,900
05/10/2020,900,900,900.0,900,-,900
06/10/2020,900,900,900.0,900,-,900
07/10/2020,900,900,900.0,900,-,900
08/10/2020,900,900,900.0,900,-,900
09/10/2020,900,800,800.0,900,15920,900
12/10/2020,900,900,900.0,900,-,900
13/10/2020,900,900,900.0,900,-,900
14/10/2020,900,900,900.0,900,-,900
15/10/2020,900,900,900.0,900,-,900
16/10/2020,1000,1000,1000.0,1000,11012,1000
19/10/2020,1000,1000,1000.0,1000,-,1000
20/10/2020,1000,1000,1000.0,1000,-,1000
21/10/2020,1000,1000,1000.0,1000,-,1000
22/10/2020,1000,1000,1000.0,1000,-,1000
23/10/2020,1000,1000,1000.0,1000,-,1000
26/10/2020,1000,1000,1000.0,1000,-,1000
27/10/2020,1000,1000,1000.0,1000,-,1000
28/10/2020,1000,1000,1000.0,1000,-,1000
29/10/2020,1000,1000,1000.0,1000,-,1000
30/10/2020,1100,1100,1100.0,1100,12000,1100
02/11/2020,1100,1100,1100.0,1100,-,1100
03/11/2020,1100,1100,1100.0,1100,-,1100
04/11/2020,1100,1100,1100.0,1100,-,1100
05/11/2020,1100,1100,1100.0,1100,-,1100
06/11/2020,1200,1200,1200.0,1200,11000,1200
09/11/2020,1200,1200,1200.0,1200,-,1200
10/11/2020,1200,1200,1200.0,1200,-,1200
11/11/2020,1200,1200,1200.0,1200,-,1200
12/11/2020,1200,1200,1200.0,1200,-,1200
13/11/2020,1300,1300,1300.0,1300,7000,1300
16/11/2020,1300,1300,1300.0,1300,-,1300
17/11/2020,1300,1300,1300.0,1300,-,1300
18/11/2020,1300,1300,1300.0,1300,-,1300
19/11/2020,1300,1300,1300.0,1300,-,1300
20/11/2020,1400,1300,1400.0,1400,5000,1400
23/11/2020,1400,1400,,1400,-,1400
24/11/2020,1400,1400,1400.0,1400,-,1400
25/11/2020,1400,1400,1400.0,1400,-,1400
26/11/2020,1400,1400,1400.0,1400,-,1400
27/11/2020,1600,1600,1600.0,1600,5400,1600
30/11/2020,1600,1600,1600.0,1600,-,1600
01/12/2020,1600,1600,1600.0,1600,-,1600
02/12/2020,1600,1600,1600.0,1600,-,1600
03/12/2020,1600,1600,1600.0,1600,-,1600
04/12/2020,1800,1600,1600.0,1800,7000,1800
07/12/2020,1700,1700,1700.0,1700,-,1700
08/12/2020,1700,1700,1700.0,1700,-,1700
09/12/2020,1700,1700,1700.0,1700,-,1700
10/12/2020,1700,1700,1700.0,1700,-,1700
11/12/2020,1700,1700,1700.0,1700,-,1700
14/12/2020,1700,1700,1700.0,1700,-,1700
15/12/2020,1700,1700,1700.0,1700,-,1700
16/12/2020,1700,1700,1700.0,1700,-,1700
17/12/2020,1700,1700,1700.0,1700,-,1700
18/12/2020,1900,1900,1900.0,1900,5000,1900
21/12/2020,1900,1900,1900.0,1900,-,1900
22/12/2020,1900,1900,1900.0,1900,-,1900
23/12/2020,1900,1900,1900.0,1900,-,1900
24/12/2020,1900,1900,1900.0,1900,-,1900
25/12/2020,2100,2000,2100.0,2000,10500,2000
28/12/2020,2100,2100,2100.0,2100,-,2100
29/12/2020,2100,2100,2100.0,2100,-,2100
30/12/2020,2100,2100,2100.0,2100,-,2100
31/12/2020,2100,2100,2100.0,2100,-,2100
04/01/2021,2100,2100,2100.0,2100,-,2100
05/01/2021,2100,2100,2100.0,2100,-,2100
06/01/2021,2100,2100,2100.0,2100,-,2100
07/01/2021,2100,2100,2100.0,2100,-,2100
08/01/2021,2400,1800,2300.0,2400,1246700,2400
11/01/2021,2400,2400,2400.0,2400,-,2400
12/01/2021,2400,2400,2400.0,2400,-,2400
13/01/2021,2400,2400,2400.0,2400,-,2400
14/01/2021,2400,2400,2400.0,2400,-,2400
15/01/2021,2600,2300,2300.0,2600,6900,2600
18/01/2021,2600,2600,2600.0,2600,-,2600
19/01/2021,2600,2600,2600.0,2600,-,2600
20/01/2021,2600,2600,2600.0,2600,-,2600
21/01/2021,2600,2600,2600.0,2600,-,2600
22/01/2021,2600,2600,2600.0,2600,-,2600
25/01/2021,2600,2600,2600.0,2600,-,2600
26/01/2021,2600,2600,2600.0,2600,-,2600
27/01/2021,2600,2600,2600.0,2600,-,2600
28/01/2021,2600,2600,2600.0,2600,-,2600
29/01/2021,2600,2600,2600.0,2600,-,2600
01/02/2021,2600,2600,2600.0,2600,-,2600
02/02/2021,2600,2600,2600.0,2600,-,2600
03/02/2021,2600,2600,2600.0,2600,-,2600
04/02/2021,2600,2600,2600.0,2600,-,2600
05/02/2021,2700,2500,2500.0,2700,1103900,2700
08/02/2021,2500,2500,2500.0,2500,-,2500
09/02/2021,2500,2500,2500.0,2500,-,2500
17/02/2021,2500,2500,2500.0,2500,-,2500
18/02/2021,2500,2500,2500.0,2500,-,2500
19/02/2021,2400,2400,2400.0,2400,5038,2400
22/02/2021,2400,2400,2400.0,2400,-,2400
23/02/2021,2400,2400,2400.0,2400,-,2400
24/02/2021,2400,2400,2400.0,2400,-,2400
25/02/2021,2400,2400,2400.0,2400,-,2400
26/02/2021,2400,2400,2400.0,2400,-,2400
01/03/2021,2400,2400,2400.0,2400,-,2400
02/03/2021,2400,2400,2400.0,2400,-,2400
03/03/2021,2400,2400,2400.0,2400,-,2400
04/03/2021,2400,2400,2400.0,2400,-,2400
05/03/2021,2400,2400,2400.0,2400,-,2400
08/03/2021,2400,2400,2400.0,2400,-,2400
09/03/2021,2400,2400,2400.0,2400,-,2400
10/03/2021,2400,2400,2400.0,2400,-,2400
11/03/2021,2400,2400,2400.0,2400,-,2400
12/03/2021,2700,2400,2400.0,2700,9202,2700
15/03/2021,2400,2400,2400.0,2400,-,2400
16/03/2021,2400,2400,2400.0,2400,-,2400
17/03/2021,2400,2400,2400.0,2400,-,2400
18/03/2021,2400,2400,2400.0,2400,-,2400
19/03/2021,2100,2100,2100.0,2100,16420,2100
22/03/2021,2100,2100,2100.0,2100,-,2100
23/03/2021,2100,2100,2100.0,2100,-,2100
24/03/2021,2100,2100,2100.0,2100,-,2100
25/03/2021,2100,2100,2100.0,2100,-,2100
26/03/2021,2400,2400,2400.0,2400,77900,2400
29/03/2021,2400,2400,2400.0,2400,-,2400
30/03/2021,2400,2400,2400.0,2400,-,2400
31/03/2021,2400,2400,2400.0,2400,-,2400
01/04/2021,2400,2400,2400.0,2400,-,2400
02/04/2021,2700,2400,2400.0,2700,6200,2700
05/04/2021,2700,2700,2700.0,2700,-,2700
06/04/2021,2700,2700,2700.0,2700,-,2700
07/04/2021,2700,2700,2700.0,2700,-,2700
08/04/2021,2700,2700,2700.0,2700,-,2700
09/04/2021,3100,3000,3000.0,3100,4200,3100
12/04/2021,3000,3000,3000.0,3000,-,3000
13/04/2021,3000,3000,3000.0,3000,-,3000
14/04/2021,3000,3000,3000.0,3000,-,3000
15/04/2021,3000,3000,3000.0,3000,-,3000
16/04/2021,2700,2700,2700.0,2700,2600,2700
19/04/2021,2700,2700,2700.0,2700,-,2700
20/04/2021,2700,2700,2700.0,2700,-,2700
22/04/2021,2700,2700,2700.0,2700,-,2700
23/04/2021,2300,2300,2300.0,2300,200,2300
26/04/2021,2300,2300,2300.0,2300,-,2300
27/04/2021,2300,2300,2300.0,2300,-,2300
28/04/2021,2300,2300,2300.0,2300,-,2300
29/04/2021,2300,2300,2300.0,2300,-,2300
04/05/2021,2300,2300,2300.0,2300,-,2300
05/05/2021,2300,2300,2300.0,2300,-,2300
06/05/2021,2300,2300,2300.0,2300,-,2300
07/05/2021,2300,2300,2300.0,2300,10220,2300
10/05/2021,2300,2300,2300.0,2300,-,2300
11/05/2021,2300,2300,2300.0,2300,-,2300
12/05/2021,2300,2300,2300.0,2300,-,2300
13/05/2021,2300,2300,2300.0,2300,-,2300
14/05/2021,2300,2300,2300.0,2300,1028,2300
17/05/2021,2300,2300,2300.0,2300,-,2300
18/05/2021,2300,2300,2300.0,2300,-,2300
19/05/2021,2300,2300,2300.0,2300,-,2300
20/05/2021,2300,2300,2300.0,2300,-,2300
21/05/2021,2300,2300,2300.0,2300,30,2300
24/05/2021,2300,2300,2300.0,2300,-,2300
25/05/2021,2300,2300,2300.0,2300,-,2300
26/05/2021,2300,2300,2300.0,2300,-,2300
27/05/2021,2300,2300,2300.0,2300,-,2300
28/05/2021,2600,2500,2500.0,2600,1100,2600
31/05/2021,2500,2500,2500.0,2500,-,2500
01/06/2021,2500,2500,2500.0,2500,-,2500
02/06/2021,2500,2500,2500.0,2500,-,2500
03/06/2021,2500,2500,2500.0,2500,-,2500
04/06/2021,2800,2300,2800.0,2300,2300,2300
07/06/2021,2800,2800,2800.0,2800,-,2800
08/06/2021,2800,2800,2800.0,2800,-,2800
09/06/2021,2800,2800,2800.0,2800,-,2800
10/06/2021,2800,2800,2800.0,2800,-,2800
11/06/2021,3200,2400,3200.0,2400,6210,2400
14/06/2021,2400,2400,2400.0,2400,-,2400
15/06/2021,2400,2400,2400.0,2400,-,2400
16/06/2021,2400,2400,2400.0,2400,-,2400
17/06/2021,2400,2400,2400.0,2400,-,2400
18/06/2021,2700,2700,2700.0,2700,500,2700
21/06/2021,2700,2700,2700.0,2700,-,2700
22/06/2021,2700,2700,2700.0,2700,-,2700
23/06/2021,2700,2700,2700.0,2700,-,2700
24/06/2021,2700,2700,2700.0,2700,-,2700
25/06/2021,3100,2300,2300.0,3100,12810,3100
28/06/2021,2700,2700,2700.0,2700,-,2700
29/06/2021,2700,2700,2700.0,2700,-,2700
30/06/2021,2700,2700,2700.0,2700,-,2700
01/07/2021,2700,2700,2700.0,2700,-,2700
02/07/2021,3100,2300,2400.0,3100,10500,3100
05/07/2021,2600,2600,2600.0,2600,-,2600
06/07/2021,2600,2600,2600.0,2600,-,2600
07/07/2021,2600,2600,2600.0,2600,-,2600
08/07/2021,2600,2600,2600.0,2600,-,2600
09/07/2021,2900,2900,2900.0,2900,10100,2900
12/07/2021,2900,2900,2900.0,2900,-,2900
13/07/2021,2900,2900,2900.0,2900,-,2900
14/07/2021,2900,2900,2900.0,2900,-,2900
15/07/2021,2900,2900,2900.0,2900,-,2900
16/07/2021,3300,3200,3200.0,3300,20000,3300
19/07/2021,3200,3200,3200.0,3200,-,3200
20/07/2021,3200,3200,3200.0,3200,-,3200
21/07/2021,3200,3200,3200.0,3200,-,3200
22/07/2021,3200,3200,3200.0,3200,-,3200
23/07/2021,3600,3600,3600.0,3600,6010,3600
26/07/2021,3600,3600,3600.0,3600,-,3600
27/07/2021,3600,3600,3600.0,3600,-,3600
28/07/2021,3600,3600,3600.0,3600,-,3600
29/07/2021,3600,3600,3600.0,3600,-,3600
30/07/2021,4100,3100,4100.0,3100,31900,3100
02/08/2021,3200,3200,3200.0,3200,-,3200
03/08/2021,3200,3200,3200.0,3200,-,3200
04/08/2021,3200,3200,3200.0,3200,-,3200
05/08/2021,3200,3200,3200.0,3200,-,3200
06/08/2021,2800,2800,2800.0,2800,25400,2800
09/08/2021,2800,2800,2800.0,2800,-,2800
10/08/2021,2800,2800,2800.0,2800,-,2800
11/08/2021,2800,2800,2800.0,2800,-,2800
12/08/2021,2800,2800,2800.0,2800,-,2800
13/08/2021,3000,2400,2400.0,2400,40926,2400
16/08/2021,2400,2400,2400.0,2400,-,2400
17/08/2021,2400,2400,2400.0,2400,-,2400
18/08/2021,2400,2400,2400.0,2400,-,2400
19/08/2021,2400,2400,2400.0,2400,-,2400
20/08/2021,2400,2100,2100.0,2400,30500,2400
23/08/2021,2100,2100,2100.0,2100,-,2100
24/08/2021,2100,2100,2100.0,2100,-,2100
25/08/2021,2100,2100,2100.0,2100,-,2100
26/08/2021,2100,2100,2100.0,2100,-,2100
27/08/2021,2000,1800,2000.0,1900,51200,1900
30/08/2021,1800,1800,1800.0,1800,-,1800
31/08/2021,1800,1800,1800.0,1800,-,1800
01/09/2021,1800,1800,1800.0,1800,-,1800
06/09/2021,1800,1800,1800.0,1800,-,1800
07/09/2021,1800,1800,1800.0,1800,-,1800
08/09/2021,1800,1800,1800.0,1800,-,1800
09/09/2021,1800,1800,1800.0,1800,-,1800
10/09/2021,2000,2000,2000.0,2000,200,2000
13/09/2021,2000,2000,2000.0,2000,-,2000
14/09/2021,2000,2000,2000.0,2000,-,2000
15/09/2021,2000,2000,2000.0,2000,-,2000
16/09/2021,2000,2000,2000.0,2000,-,2000
17/09/2021,2300,2100,2100.0,2300,5830,2300
20/09/2021,2300,2300,2300.0,2300,-,2300
21/09/2021,2300,2300,2300.0,2300,-,2300
22/09/2021,2300,2300,2300.0,2300,-,2300
23/09/2021,2300,2300,2300.0,2300,-,2300
24/09/2021,2600,2400,2400.0,2600,5423,2600
27/09/2021,2600,2600,2600.0,2600,-,2600
28/09/2021,2600,2600,2600.0,2600,-,2600
29/09/2021,2600,2600,2600.0,2600,-,2600
30/09/2021,2600,2600,2600.0,2600,-,2600
01/10/2021,2900,2900,2900.0,2900,4335,2900
04/10/2021,2900,2900,2900.0,2900,-,2900
05/10/2021,2900,2900,2900.0,2900,-,2900
06/10/2021,2900,2900,2900.0,2900,-,2900
07/10/2021,2900,2900,2900.0,2900,-,2900
08/10/2021,2900,2600,2900.0,2900,8132,2900
11/10/2021,2700,2700,2700.0,2700,-,2700
12/10/2021,2700,2700,2700.0,2700,-,2700
13/10/2021,2700,2700,2700.0,2700,-,2700
14/10/2021,2700,2700,2700.0,2700,-,2700
15/10/2021,2900,2300,2700.0,2800,10926,2800
18/10/2021,2700,2700,2700.0,2700,-,2700
19/10/2021,2700,2700,2700.0,2700,-,2700
20/10/2021,2700,2700,2700.0,2700,-,2700
21/10/2021,2700,2700,2700.0,2700,-,2700
22/10/2021,2900,2700,2700.0,2900,3100,2900
25/10/2021,2800,2800,2800.0,2800,-,2800
26/10/2021,2800,2800,2800.0,2800,-,2800
27/10/2021,2800,2800,2800.0,2800,-,2800
28/10/2021,2800,2800,2800.0,2800,-,2800
29/10/2021,3200,2800,2900.0,3200,28551,3200
01/11/2021,3000,3000,3000.0,3000,-,3000
02/11/2021,3000,3000,3000.0,3000,-,3000
03/11/2021,3000,3000,3000.0,3000,-,3000
04/11/2021,3000,3000,3000.0,3000,-,3000
05/11/2021,3400,3400,3400.0,3400,19410,3400
08/11/2021,3400,3400,3400.0,3400,-,3400
09/11/2021,3400,3400,3400.0,3400,-,3400
10/11/2021,3400,3400,3400.0,3400,-,3400
11/11/2021,3400,3400,3400.0,3400,-,3400
12/11/2021,3900,3500,3500.0,3900,20300,3900
15/11/2021,3900,3900,3900.0,3900,-,3900
16/11/2021,3900,3900,3900.0,3900,-,3900
17/11/2021,3900,3900,3900.0,3900,-,3900
18/11/2021,3900,3900,3900.0,3900,-,3900
19/11/2021,4400,4000,4000.0,4400,3670,4400
22/11/2021,4400,4400,4400.0,4400,-,4400
23/11/2021,4400,4400,4400.0,4400,-,4400
24/11/2021,4400,4400,4400.0,4400,-,4400
25/11/2021,4400,4400,4400.0,4400,-,4400
26/11/2021,5000,3800,5000.0,3800,6300,3800
29/11/2021,4000,4000,4000.0,4000,-,4000
30/11/2021,4000,4000,4000.0,4000,-,4000
01/12/2021,4000,4000,4000.0,4000,-,4000
02/12/2021,4000,4000,4000.0,4000,-,4000
03/12/2021,4600,3500,4600.0,4000,2713,4000
06/12/2021,3900,3900,3900.0,3900,-,3900
07/12/2021,3900,3900,3900.0,3900,-,3900
